Domain,Feed,IsSearchable,Source,Url
parus-peterburg.ru,"https://parus-peterburg.ru/feed/turbo/",0,rss,"https://parus-peterburg.ru/reviews/%D0%BD%D0%B0%D1%82%D0%B0%D0%BB%D1%8C%D1%8F-2/"
parus-peterburg.ru,"https://parus-peterburg.ru/feed/turbo/",0,rss,"https://parus-peterburg.ru/reviews/%D1%8E%D1%80%D0%B8%D0%B9-2/"
parus-peterburg.ru,"https://parus-peterburg.ru/feed/turbo/",1,rss,"https://parus-peterburg.ru/%D0%BC%D1%83%D0%B7%D0%B5%D0%B9-%D0%BF%D1%83%D1%88%D0%BA%D0%B8%D0%BD%D0%B0"
parus-peterburg.ru,"https://parus-peterburg.ru/feed/turbo/",0,rss,"https://parus-peterburg.ru/reviews/%D0%BC%D0%B0%D1%80%D0%B8%D0%BD%D0%B0/"
parus-peterburg.ru,"https://parus-peterburg.ru/feed/turbo/",0,rss,"https://parus-peterburg.ru/reviews/darya-evsina/"
parus-peterburg.ru,"https://parus-peterburg.ru/feed/turbo/",1,rss,"https://parus-peterburg.ru/mify-i-legendy-sankt-peterburga"
parus-peterburg.ru,"https://parus-peterburg.ru/feed/turbo/",0,rss,"https://parus-peterburg.ru/reviews/anastasiya/"
parus-peterburg.ru,"https://parus-peterburg.ru/feed/turbo/",0,rss,"https://parus-peterburg.ru/reviews/katya/"
parus-peterburg.ru,"https://parus-peterburg.ru/feed/turbo/",0,rss,"https://parus-peterburg.ru/reviews/%D0%B0%D0%BB%D0%B5%D0%BA%D1%81%D0%B5%D0%B9/"
parus-peterburg.ru,"https://parus-peterburg.ru/feed/turbo/",1,rss,"https://parus-peterburg.ru/gran-tur-vsya-kareliya/"
parus-peterburg.ru,"https://parus-peterburg.ru/feed/turbo/",1,rss,"https://parus-peterburg.ru/kavkazskaya-mozaika/"
parus-peterburg.ru,"https://parus-peterburg.ru/feed/turbo/",1,rss,"https://parus-peterburg.ru/goroda-mastera/"
parus-peterburg.ru,"https://parus-peterburg.ru/feed/turbo/",0,rss,"https://parus-peterburg.ru/reviews/aleksandra-2/"
parus-peterburg.ru,"https://parus-peterburg.ru/feed/turbo/",1,rss,"https://parus-peterburg.ru/ekskursiya-v-petergof-petrodvorec-park-dvorec-vesna"
parus-peterburg.ru,"https://parus-peterburg.ru/feed/turbo/",0,rss,"https://parus-peterburg.ru/reviews/%D1%8D%D0%BC%D0%BE%D1%86%D0%B8%D0%B8-%D0%B7%D0%B0%D1%88%D0%BA%D0%B0%D0%BB%D0%B8%D0%B2%D0%B0%D1%8E%D1%82-%F0%9F%98%81/"
parus-peterburg.ru,"https://parus-peterburg.ru/feed/turbo/",0,rss,"https://parus-peterburg.ru/reviews/%D0%B0%D0%BD%D0%BD%D0%B0-4/"
parus-peterburg.ru,"https://parus-peterburg.ru/feed/turbo/",0,rss,"https://parus-peterburg.ru/reviews/%D0%BD%D0%B8%D0%BA%D0%B8%D1%82%D0%B0-%D1%8E%D1%80%D1%8C%D0%B5%D0%B2%D0%B8%D1%87/"
parus-peterburg.ru,"https://parus-peterburg.ru/feed/turbo/",0,rss,"https://parus-peterburg.ru/reviews/potyliczyna-tatyana-stanislavovna/"
parus-peterburg.ru,"https://parus-peterburg.ru/feed/turbo/",1,rss,"https://parus-peterburg.ru/"
parus-peterburg.ru,"https://parus-peterburg.ru/feed/turbo/",1,rss,"https://parus-peterburg.ru/%D0%BF%D1%80%D0%BE%D0%B3%D1%80%D0%B0%D0%BC%D0%BC%D0%B0-absolute-hits/"
parus-peterburg.ru,"https://parus-peterburg.ru/feed/turbo/",1,rss,"https://parus-peterburg.ru/%D0%BF%D0%B5%D1%82%D1%80%D0%BE%D0%BF%D0%B0%D0%B2%D0%BB%D0%BE%D0%B2%D1%81%D0%BA%D0%B0%D1%8F-%D0%BA%D1%80%D0%B5%D0%BF%D0%BE%D1%81%D1%82%D1%8C"
parus-peterburg.ru,"https://parus-peterburg.ru/feed/turbo/",1,rss,"https://parus-peterburg.ru/ekskursiya-v-petergof"
parus-peterburg.ru,"https://parus-peterburg.ru/feed/turbo/",0,rss,"https://parus-peterburg.ru/reviews/mariya-polyakova/"
parus-peterburg.ru,"https://parus-peterburg.ru/feed/turbo/",1,rss,"https://parus-peterburg.ru/molodeznie-ekskursii-po-peterburgu"
parus-peterburg.ru,"https://parus-peterburg.ru/feed/turbo/",0,rss,"https://parus-peterburg.ru/reviews/tatyana-3/"
parus-peterburg.ru,"https://parus-peterburg.ru/feed/turbo/",1,rss,"https://parus-peterburg.ru/%D0%BF%D1%83%D1%88%D0%BA%D0%B8%D0%BD-1"
parus-peterburg.ru,"https://parus-peterburg.ru/feed/turbo/",1,rss,"https://parus-peterburg.ru/weekend-na-kavkaze-2/"
parus-peterburg.ru,"https://parus-peterburg.ru/feed/turbo/",0,rss,"https://parus-peterburg.ru/reviews/%D0%BC%D0%B8%D1%85%D0%B0%D0%B8%D0%BB/"
parus-peterburg.ru,"https://parus-peterburg.ru/feed/turbo/",1,rss,"https://parus-peterburg.ru/%D1%81%D0%BE%D0%B2%D0%B5%D1%82%D1%81%D0%BA%D0%B8%D0%B9-%D0%BD%D0%BE%D0%B2%D1%8B%D0%B9-%D0%B3%D0%BE%D0%B4/"
parus-peterburg.ru,"https://parus-peterburg.ru/feed/turbo/",1,rss,"https://parus-peterburg.ru/kavkazskaya-rapsodiya/"
parus-peterburg.ru,"https://parus-peterburg.ru/feed/turbo/",0,rss,"https://parus-peterburg.ru/reviews/%D0%BB%D0%BE%D0%B1%D0%B0%D1%87%D0%B5%D0%B2%D1%81%D0%BA%D0%B0%D1%8F-%D0%B2%D0%B0%D1%80%D0%B2%D0%B0%D1%80%D0%B0-2/"
parus-peterburg.ru,"https://parus-peterburg.ru/feed/turbo/",0,rss,"https://parus-peterburg.ru/reviews/%D0%B5%D0%B2%D0%B3%D0%B5%D0%BD%D0%B8%D1%8F-%D0%B2%D0%B8%D0%BA%D1%82%D0%BE%D1%80%D0%BE%D0%B2%D0%BD%D0%B0-%D0%B3%D0%BB%D0%B0%D0%B4%D0%BA%D0%BE%D0%B2%D0%B0/"
parus-peterburg.ru,"https://parus-peterburg.ru/feed/turbo/",0,rss,"https://parus-peterburg.ru/reviews/%D0%BB%D1%8E%D0%B4%D0%BC%D0%B8%D0%BB%D0%B0-2/"
parus-peterburg.ru,"https://parus-peterburg.ru/feed/turbo/",1,rss,"https://parus-peterburg.ru/uvlekateljnaja-jekskursiaj-na-dambu"
parus-peterburg.ru,"https://parus-peterburg.ru/feed/turbo/",0,rss,"https://parus-peterburg.ru/reviews/aleksej/"
parus-peterburg.ru,"https://parus-peterburg.ru/feed/turbo/",1,rss,"https://parus-peterburg.ru/blokadnyi-leningrad"
parus-peterburg.ru,"https://parus-peterburg.ru/feed/turbo/",1,rss,"https://parus-peterburg.ru/na-jeskursiju-po-spb-po-sledam-dostojevskogo"
parus-peterburg.ru,"https://parus-peterburg.ru/feed/turbo/",1,rss,"https://parus-peterburg.ru/%D0%BC%D1%83%D0%B7%D0%B5%D0%B9-%D0%B0%D1%85%D0%BC%D0%B0%D1%82%D0%BE%D0%B2%D0%BE%D0%B9"
parus-peterburg.ru,"https://parus-peterburg.ru/feed/turbo/",1,rss,"https://parus-peterburg.ru/muzei-rerihov-prigotovil-podarki-dlya-detei-vo-vremya-osennih-kanikul"
parus-peterburg.ru,"https://parus-peterburg.ru/feed/turbo/",1,rss,"https://parus-peterburg.ru/eks-po-gal-dragoc-peter-ermitazha"
parus-peterburg.ru,"https://parus-peterburg.ru/feed/turbo/",0,rss,"https://parus-peterburg.ru/reviews/%D1%81%D0%B2%D0%B5%D1%82%D0%BB%D0%B0%D0%BD%D0%B0-2/"
parus-peterburg.ru,"https://parus-peterburg.ru/feed/turbo/",0,rss,"https://parus-peterburg.ru/reviews/%D1%81%D0%B5%D1%80%D0%B3%D0%B5%D0%B9/"
parus-peterburg.ru,"https://parus-peterburg.ru/feed/turbo/",0,rss,"https://parus-peterburg.ru/reviews/%D0%BD%D0%B0%D1%82%D0%B0%D0%BB%D0%B8%D1%8F/"
parus-peterburg.ru,"https://parus-peterburg.ru/feed/turbo/",1,rss,"https://parus-peterburg.ru/obzornaya-ekskursiya-s-posesheniem-avrory"
parus-peterburg.ru,"https://parus-peterburg.ru/feed/turbo/",0,rss,"https://parus-peterburg.ru/reviews/%D0%B0%D0%BD%D0%BD%D0%B0-%D0%BC%D0%BE%D1%80%D0%BE%D0%B7%D0%BE%D0%B2%D0%B0/"
parus-peterburg.ru,"https://parus-peterburg.ru/feed/turbo/",0,rss,"https://parus-peterburg.ru/reviews/%D0%B5%D0%BB%D0%B5%D0%BD%D0%B0-6/"
parus-peterburg.ru,"https://parus-peterburg.ru/feed/turbo/",1,rss,"https://parus-peterburg.ru/%D0%B4%D1%83%D0%B4%D1%83%D0%BA-%D0%B8-%D1%81%D0%B8%D0%BC%D1%84%D0%BE%D0%BD%D0%B8%D1%87%D0%B5%D1%81%D0%BA%D0%B8%D0%B9-%D0%BE%D1%80%D0%BA%D0%B5%D1%81%D1%82%D1%80/"
parus-peterburg.ru,"https://parus-peterburg.ru/feed/turbo/",0,rss,"https://parus-peterburg.ru/reviews/%D1%8E%D0%BB%D0%B8%D1%8F/"
parus-peterburg.ru,"https://parus-peterburg.ru/feed/turbo/",0,rss,"https://parus-peterburg.ru/reviews/%D0%BD%D0%B0%D1%82%D0%B0%D0%BB%D1%8C%D1%8F-3/"
parus-peterburg.ru,"https://parus-peterburg.ru/feed/turbo/",0,rss,"https://parus-peterburg.ru/reviews/%D0%B8%D1%80%D0%B8%D0%BD%D0%B0/"
parus-peterburg.ru,"https://parus-peterburg.ru/feed/turbo/",1,rss,"https://parus-peterburg.ru/%D0%BC%D1%83%D0%B7%D0%B5%D0%B9-%D0%BA%D1%80%D0%BE%D0%BD%D1%88%D1%82%D0%B0%D0%B4%D1%82%D1%81%D0%BA%D0%BE%D0%B3%D0%BE"
parus-peterburg.ru,"https://parus-peterburg.ru/feed/turbo/",0,rss,"https://parus-peterburg.ru/reviews/tatyana-dmitrij/"
parus-peterburg.ru,"https://parus-peterburg.ru/feed/turbo/",1,rss,"https://parus-peterburg.ru/kronshtadt"
parus-peterburg.ru,"https://parus-peterburg.ru/feed/turbo/",0,rss,"https://parus-peterburg.ru/reviews/%D0%B0%D0%BD%D0%B0%D1%82%D0%BE%D0%BB%D0%B8%D0%B9/"
parus-peterburg.ru,"https://parus-peterburg.ru/feed/turbo/",1,rss,"https://parus-peterburg.ru/yantarnaya-mozaika/"
parus-peterburg.ru,"https://parus-peterburg.ru/feed/turbo/",1,rss,"https://parus-peterburg.ru/%D0%BC%D1%83%D0%B7%D0%B5%D0%B9-%D0%BE%D0%B1%D0%BE%D1%80%D0%BE%D0%BD%D1%8B-%D0%B8-%D0%B1%D0%BB%D0%BE%D0%BA%D0%B0%D0%B4%D1%8B-%D0%BB%D0%B5%D0%BD%D0%B8%D0%BD%D0%B3%D1%80%D0%B0%D0%B4%D0%B0"
parus-peterburg.ru,"https://parus-peterburg.ru/feed/turbo/",0,rss,"https://parus-peterburg.ru/reviews/%D0%B8%D0%B3%D0%BE%D1%80%D1%8C-2/"
parus-peterburg.ru,"https://parus-peterburg.ru/feed/turbo/",1,rss,"https://parus-peterburg.ru/severnye-ostrova/"
parus-peterburg.ru,"https://parus-peterburg.ru/feed/turbo/",1,rss,"https://parus-peterburg.ru/%D0%BC%D1%83%D0%B7%D0%B5%D0%B9-%D0%B7%D0%B0%D0%BF%D0%BE%D0%B2%D0%B5%D0%B4%D0%BD%D0%B8%D0%BA-%D1%86%D0%B0%D1%80%D1%81%D0%BA%D0%BE%D0%B5-%D1%81%D0%B5%D0%BB%D0%BE"
parus-peterburg.ru,"https://parus-peterburg.ru/feed/turbo/",1,rss,"https://parus-peterburg.ru/drevnie-vodopady-i-kanony-karelii/"
parus-peterburg.ru,"https://parus-peterburg.ru/feed/turbo/",0,rss,"https://parus-peterburg.ru/reviews/%D1%82%D0%B0%D0%BC%D0%B0%D1%80%D0%B0/"
parus-peterburg.ru,"https://parus-peterburg.ru/feed/turbo/",1,rss,"https://parus-peterburg.ru/%D0%BB%D0%B5%D1%82%D0%BD%D0%B8%D0%B9-%D1%81%D0%B0%D0%B4"
parus-peterburg.ru,"https://parus-peterburg.ru/feed/turbo/",1,rss,"https://parus-peterburg.ru/northern-venice-boat-tour-in-saint-petersburg/"
parus-peterburg.ru,"https://parus-peterburg.ru/feed/turbo/",1,rss,"https://parus-peterburg.ru/top-7-mest-v-okrestnostyah-peterburga/"
parus-peterburg.ru,"https://parus-peterburg.ru/feed/turbo/",1,rss,"https://parus-peterburg.ru/na-samom-zapade-rossii/"
parus-peterburg.ru,"https://parus-peterburg.ru/feed/turbo/",0,rss,"https://parus-peterburg.ru/reviews/%D1%81%D0%B2%D0%B5%D1%82%D0%BB%D0%B0%D0%BD%D0%B0-%D0%B1%D0%B8%D1%82%D0%BA%D0%BE/"
parus-peterburg.ru,"https://parus-peterburg.ru/feed/turbo/",1,rss,"https://parus-peterburg.ru/%D0%B1%D0%BE%D1%82%D0%B0%D0%BD%D0%B8%D1%87%D0%B5%D1%81%D0%BA%D0%B8%D0%B9-%D0%BC%D1%83%D0%B7%D0%B5%D0%B9"
parus-peterburg.ru,"https://parus-peterburg.ru/feed/turbo/",0,rss,"https://parus-peterburg.ru/reviews/%D0%B5%D0%BB%D0%B5%D0%BD%D0%B0/"
parus-peterburg.ru,"https://parus-peterburg.ru/feed/turbo/",1,rss,"https://parus-peterburg.ru/%D0%BC%D1%83%D0%B7%D0%B5%D0%B9-%D0%BA%D1%83%D0%B8%D0%BD%D0%B4%D0%B6%D0%B8"
parus-peterburg.ru,"https://parus-peterburg.ru/feed/turbo/",1,rss,"https://parus-peterburg.ru/%D0%BC%D1%83%D0%B7%D0%B5%D0%B9-%D0%BF%D0%B5%D1%82%D0%B5%D1%80%D0%B1%D1%83%D1%80%D0%B3%D1%81%D0%BA%D0%BE%D0%B3%D0%BE-%D0%BC%D0%B5%D1%82%D1%80%D0%BE%D0%BF%D0%BE%D0%BB%D0%B8%D1%82%D0%B5%D0%BD%D0%B0"
parus-peterburg.ru,"https://parus-peterburg.ru/feed/turbo/",1,rss,"https://parus-peterburg.ru/kazan-bazar-3-dnya"
parus-peterburg.ru,"https://parus-peterburg.ru/feed/turbo/",1,rss,"https://parus-peterburg.ru/ocharovanie-baltiki/"
parus-peterburg.ru,"https://parus-peterburg.ru/feed/turbo/",0,rss,"https://parus-peterburg.ru/reviews/%D0%B0%D0%BB%D1%8C%D0%B1%D0%B5%D1%80%D1%82/"
parus-peterburg.ru,"https://parus-peterburg.ru/feed/turbo/",0,rss,"https://parus-peterburg.ru/reviews/%D0%B2%D0%B5%D1%80%D0%B0/"
parus-peterburg.ru,"https://parus-peterburg.ru/feed/turbo/",0,rss,"https://parus-peterburg.ru/reviews/maksim/"
parus-peterburg.ru,"https://parus-peterburg.ru/feed/turbo/",1,rss,"https://parus-peterburg.ru/%D0%BC%D1%83%D0%B7%D0%B5%D0%B9-%D1%88%D0%B5%D0%B2%D1%87%D0%B5%D0%BD%D0%BA%D0%BE"
parus-peterburg.ru,"https://parus-peterburg.ru/feed/turbo/",1,rss,"https://parus-peterburg.ru/tour-to-peterhof/"
parus-peterburg.ru,"https://parus-peterburg.ru/feed/turbo/",1,rss,"https://parus-peterburg.ru/%D0%B8%D1%81%D0%B0%D0%B0%D0%BA%D0%B8%D0%B5%D0%B2%D1%81%D0%BA%D0%B8%D0%B9-%D1%81%D0%BE%D0%B1%D0%BE%D1%80"
parus-peterburg.ru,"https://parus-peterburg.ru/feed/turbo/",1,rss,"https://parus-peterburg.ru/alye-parusa/"
parus-peterburg.ru,"https://parus-peterburg.ru/feed/turbo/",0,rss,"https://parus-peterburg.ru/reviews/%D0%B5%D1%80%D0%BC%D0%B0%D0%BA-%D0%B2%D0%B8%D0%BA%D1%82%D0%BE%D1%80%D0%B8%D1%8F-%D0%B8%D1%8C%D0%B4%D0%B0%D1%80%D0%BE%D0%B2%D0%BD%D0%B0/"
parus-peterburg.ru,"https://parus-peterburg.ru/feed/turbo/",0,rss,"https://parus-peterburg.ru/reviews/%D0%B0%D0%BB%D0%B5%D0%BD%D0%B0-2/"
parus-peterburg.ru,"https://parus-peterburg.ru/feed/turbo/",1,rss,"https://parus-peterburg.ru/%D0%B5%D0%BB%D0%B0%D0%B3%D0%B8%D0%BD%D0%BE%D0%BE%D1%81%D1%82%D1%80%D0%BE%D0%B2%D1%81%D0%BA%D0%B8%D0%B9-%D0%B4%D0%B2%D0%BE%D1%80%D0%B5%D1%86-%D0%BC%D1%83%D0%B7%D0%B5%D0%B9"
parus-peterburg.ru,"https://parus-peterburg.ru/feed/turbo/",0,rss,"https://parus-peterburg.ru/reviews/inessa/"
parus-peterburg.ru,"https://parus-peterburg.ru/feed/turbo/",0,rss,"https://parus-peterburg.ru/reviews/%D0%B5%D0%BA%D0%B0%D1%82%D0%B5%D1%80%D0%B8%D0%BD%D0%B0-4/"
parus-peterburg.ru,"https://parus-peterburg.ru/feed/turbo/",1,rss,"https://parus-peterburg.ru/morskaya_derzhava/"
parus-peterburg.ru,"https://parus-peterburg.ru/feed/turbo/",0,rss,"https://parus-peterburg.ru/reviews/%D0%B0%D0%BB%D0%B5%D0%BA%D1%81%D0%B0%D0%BD%D0%B4%D1%80/"
parus-peterburg.ru,"https://parus-peterburg.ru/feed/turbo/",0,rss,"https://parus-peterburg.ru/reviews/%D0%B5%D0%BB%D0%B5%D0%BD%D0%B0-2/"
parus-peterburg.ru,"https://parus-peterburg.ru/feed/turbo/",1,rss,"https://parus-peterburg.ru/%D0%BC%D1%83%D0%B7%D0%B5%D0%B9-%D0%BB%D0%B8%D1%86%D0%B5%D0%B9"
parus-peterburg.ru,"https://parus-peterburg.ru/feed/turbo/",1,rss,"https://parus-peterburg.ru/vkusnye-vyhodnye-na-tverskoj-zemle/"
parus-peterburg.ru,"https://parus-peterburg.ru/feed/turbo/",0,rss,"https://parus-peterburg.ru/reviews/%D0%BD%D0%B0%D1%82%D0%B0%D0%BB%D1%8C%D1%8F-%D1%8F%D1%88%D0%BA%D0%BE%D0%B2%D0%B0/"
parus-peterburg.ru,"https://parus-peterburg.ru/feed/turbo/",0,rss,"https://parus-peterburg.ru/reviews/%D0%BE%D0%BB%D1%8C%D0%B3%D0%B0/"
parus-peterburg.ru,"https://parus-peterburg.ru/feed/turbo/",1,rss,"https://parus-peterburg.ru/pskov-izborsk-pechory/"
parus-peterburg.ru,"https://parus-peterburg.ru/feed/turbo/",1,rss,"https://parus-peterburg.ru/%D0%B3%D0%BE%D1%81%D1%83%D0%B4%D0%B0%D1%80%D1%81%D1%82%D0%B2%D0%B5%D0%BD%D0%BD%D1%8B%D0%B9-%D1%80%D1%83%D1%81%D1%81%D0%BA%D0%B8%D0%B9-%D0%BC%D1%83%D0%B7%D0%B5%D0%B9"
parus-peterburg.ru,"https://parus-peterburg.ru/feed/turbo/",1,rss,"https://parus-peterburg.ru/%D0%BC%D1%83%D0%B7%D0%B5%D0%B9-%D0%B4%D0%BE%D1%81%D1%82%D0%BE%D0%B5%D0%B2%D1%81%D0%BA%D0%BE%D0%B3%D0%BE"
parus-peterburg.ru,"https://parus-peterburg.ru/feed/turbo/",0,rss,"https://parus-peterburg.ru/reviews/%D0%B8%D1%80%D0%B8%D0%BD%D0%B0-2/"
parus-peterburg.ru,"https://parus-peterburg.ru/feed/turbo/",0,rss,"https://parus-peterburg.ru/reviews/yana/"
parus-peterburg.ru,"https://parus-peterburg.ru/feed/turbo/",1,rss,"https://parus-peterburg.ru/%D0%BC%D1%83%D0%B7%D0%B5%D0%B9-%D1%81%D0%B2%D1%8F%D0%B7%D0%B8-%D0%B8%D0%BC-%D0%BF%D0%BE%D0%BF%D0%BE%D0%B2%D0%B0"
parus-peterburg.ru,"https://parus-peterburg.ru/feed/turbo/",1,rss,"https://parus-peterburg.ru/chasovnya"
parus-peterburg.ru,"https://parus-peterburg.ru/feed/turbo/",0,rss,"https://parus-peterburg.ru/reviews/%D0%BD%D0%B8%D0%BA%D0%BE%D0%BB%D1%8C%D1%81%D0%BA%D0%B0%D1%8F-%D0%B5%D0%BB%D0%B5%D0%BD%D0%B0-%D1%81%D0%B5%D1%80%D0%B3%D0%B5%D0%B5%D0%B2%D0%BD%D0%B0/"
parus-peterburg.ru,"https://parus-peterburg.ru/feed/turbo/",1,rss,"https://parus-peterburg.ru/ekskursiya-v-pushkin-carskoe-selo"
parus-peterburg.ru,"https://parus-peterburg.ru/feed/turbo/",1,rss,"https://parus-peterburg.ru/pskov-kamennaya-letopis-pskovskoj/"
parus-peterburg.ru,"https://parus-peterburg.ru/feed/turbo/",1,rss,"https://parus-peterburg.ru/mesta-sily_koyonsaari/"
parus-peterburg.ru,"https://parus-peterburg.ru/feed/turbo/",0,rss,"https://parus-peterburg.ru/reviews/olga/"
parus-peterburg.ru,"https://parus-peterburg.ru/feed/turbo/",1,rss,"https://parus-peterburg.ru/dzhaz-pod-mostami"
parus-peterburg.ru,"https://parus-peterburg.ru/feed/turbo/",1,rss,"https://parus-peterburg.ru/%D0%BA%D0%BE%D0%BD%D1%86%D0%B5%D1%80%D1%82-%D0%B2-%D1%81%D0%B8%D0%BD%D0%B5%D0%BC-%D0%B7%D0%B0%D0%BB%D0%B5-%D0%B0%D0%BB%D0%B5%D0%BA%D1%81%D0%B0%D0%BD%D0%B4%D1%80%D0%BE-%D0%BD%D0%B5%D0%B2%D1%81%D0%BA/"
parus-peterburg.ru,"https://parus-peterburg.ru/feed/turbo/",1,rss,"https://parus-peterburg.ru/kavkazskaya-rapsodiya-light/"
parus-peterburg.ru,"https://parus-peterburg.ru/feed/turbo/",1,rss,"https://parus-peterburg.ru/peterburg-dlya-turistov"
parus-peterburg.ru,"https://parus-peterburg.ru/feed/turbo/",1,rss,"https://parus-peterburg.ru/udivi-menya-kazan%27-light/"
parus-peterburg.ru,"https://parus-peterburg.ru/feed/turbo/",1,rss,"https://parus-peterburg.ru/unikalnyi-mehanizm-dvorcovogo-mosta-budet-demontirovan-i-peredan-v-muzei"
parus-peterburg.ru,"https://parus-peterburg.ru/feed/turbo/",1,rss,"https://parus-peterburg.ru/%D0%BC%D1%83%D0%B7%D0%B5%D0%B9-%D0%B4%D0%B5%D0%BA%D0%BE%D1%80%D0%B0%D1%82%D0%B8%D0%B2%D0%BD%D0%BE-%D0%BF%D1%80%D0%B8%D0%BA%D0%BB%D0%B0%D0%B4%D0%BD%D0%BE%D0%B3%D0%BE-%D0%B8%D1%81%D0%BA%D1%83%D1%81%D1%81%D1%82%D0%B2%D0%B0"
parus-peterburg.ru,"https://parus-peterburg.ru/feed/turbo/",0,rss,"https://parus-peterburg.ru/reviews/%D0%BB%D0%B0%D1%80%D0%B8%D1%81%D0%B0/"
parus-peterburg.ru,"https://parus-peterburg.ru/feed/turbo/",0,rss,"https://parus-peterburg.ru/reviews/%D1%8F%D0%BD%D0%B0/"
parus-peterburg.ru,"https://parus-peterburg.ru/feed/turbo/",1,rss,"https://parus-peterburg.ru/prazdnichnyj-krym/"
parus-peterburg.ru,"https://parus-peterburg.ru/feed/turbo/",0,rss,"https://parus-peterburg.ru/reviews/%D0%B1%D0%BE%D0%BD%D0%B4%D0%B0%D1%80%D0%B5%D0%BD%D0%BA%D0%BE/"
parus-peterburg.ru,"https://parus-peterburg.ru/feed/turbo/",0,rss,"https://parus-peterburg.ru/reviews/%D1%8E%D0%BB%D0%B8%D1%8F-3/"
parus-peterburg.ru,"https://parus-peterburg.ru/feed/turbo/",0,rss,"https://parus-peterburg.ru/reviews/%D0%BE%D0%BB%D1%8C%D0%B3%D0%B0-2/"
parus-peterburg.ru,"https://parus-peterburg.ru/feed/turbo/",1,rss,"https://parus-peterburg.ru/%D0%B0%D0%BB%D0%B5%D0%BA%D1%81%D0%B0%D0%BD%D0%B4%D1%80%D0%BE%D0%B2%D1%81%D0%BA%D0%B8%D0%B9-%D1%81%D0%B0%D0%B4"
parus-peterburg.ru,"https://parus-peterburg.ru/feed/turbo/",1,rss,"https://parus-peterburg.ru/%D0%BC%D1%83%D0%B7%D0%B5%D0%B9-%D0%B7%D0%B0%D0%BF%D0%BE%D0%B2%D0%B5%D0%B4%D0%BD%D0%B8%D0%BA-%D0%BF%D0%B5%D1%82%D0%B5%D1%80%D0%B3%D0%BE%D1%84"
parus-peterburg.ru,"https://parus-peterburg.ru/feed/turbo/",1,rss,"https://parus-peterburg.ru/%D1%80%D1%83%D0%BC%D1%8F%D0%BD%D1%86%D0%B5%D0%B2%D1%81%D0%BA%D0%B8%D0%B9-%D1%81%D0%B0%D0%B4"
parus-peterburg.ru,"https://parus-peterburg.ru/feed/turbo/",1,rss,"https://parus-peterburg.ru/dagestan-strana-gor/"
parus-peterburg.ru,"https://parus-peterburg.ru/feed/turbo/",0,rss,"https://parus-peterburg.ru/reviews/%D0%B5%D0%BB%D0%B5%D0%BD%D0%B0-%D0%BE%D0%BB%D1%8C%D0%B3%D0%B0-%D0%B4%D0%B0%D1%80%D1%8C%D1%8F-%D0%B3-%D0%BC%D0%BE%D1%81%D0%BA%D0%B2%D0%B0/"
parus-peterburg.ru,"https://parus-peterburg.ru/feed/turbo/",0,rss,"https://parus-peterburg.ru/reviews/%D0%BE%D0%BB%D1%8C%D0%B3%D0%B0-%D0%B2%D0%B8%D0%BA%D1%82%D0%BE%D1%80%D0%BE%D0%B2%D0%BD%D0%B0/"
parus-peterburg.ru,"https://parus-peterburg.ru/feed/turbo/",0,rss,"https://parus-peterburg.ru/reviews/%D0%B5%D0%BB%D0%B5%D0%BD%D0%B0-5/"
parus-peterburg.ru,"https://parus-peterburg.ru/feed/turbo/",1,rss,"https://parus-peterburg.ru/%D0%BC%D1%83%D0%B7%D0%B5%D0%B9-%D0%B7%D0%B0%D0%BF%D0%BE%D0%B2%D0%B5%D0%B4%D0%BD%D0%B8%D0%BA-%D0%B3%D0%B0%D1%82%D1%87%D0%B8%D0%BD%D0%B0"
parus-peterburg.ru,"https://parus-peterburg.ru/feed/turbo/",0,rss,"https://parus-peterburg.ru/reviews/%D0%BF%D0%B0%D0%B2%D0%B5%D0%BB-%D0%B8-%D0%BE%D0%BB%D1%8C%D0%B3%D0%B0/"
parus-peterburg.ru,"https://parus-peterburg.ru/feed/turbo/",0,rss,"https://parus-peterburg.ru/reviews/marina/"
parus-peterburg.ru,"https://parus-peterburg.ru/feed/turbo/",0,rss,"https://parus-peterburg.ru/reviews/andrej/"
parus-peterburg.ru,"https://parus-peterburg.ru/feed/turbo/",0,rss,"https://parus-peterburg.ru/reviews/%D0%B3%D0%B0%D0%BB%D0%B8%D0%BD%D0%B0-3/"
parus-peterburg.ru,"https://parus-peterburg.ru/feed/turbo/",0,rss,"https://parus-peterburg.ru/reviews/%D1%81%D0%B2%D0%B5%D1%82%D0%BB%D0%B0%D0%BD%D0%B0-4/"
parus-peterburg.ru,"https://parus-peterburg.ru/feed/turbo/",0,rss,"https://parus-peterburg.ru/reviews/%D0%B8%D1%80%D0%B8%D0%BD%D0%B0-4/"
parus-peterburg.ru,"https://parus-peterburg.ru/feed/turbo/",1,rss,"https://parus-peterburg.ru/volshebnaya-strana-deda-moroza-ili-vse-m/"
parus-peterburg.ru,"https://parus-peterburg.ru/feed/turbo/",0,rss,"https://parus-peterburg.ru/reviews/%D0%B3%D0%B5%D1%80%D0%BC%D0%B0%D0%BD/"
parus-peterburg.ru,"https://parus-peterburg.ru/feed/turbo/",1,rss,"https://parus-peterburg.ru/romanticheskij-saksofon/"
parus-peterburg.ru,"https://parus-peterburg.ru/feed/turbo/",0,rss,"https://parus-peterburg.ru/reviews/%D0%B0%D1%80%D0%B8%D0%BD%D0%B0/"
parus-peterburg.ru,"https://parus-peterburg.ru/feed/turbo/",0,rss,"https://parus-peterburg.ru/reviews/%D1%82%D0%B0%D1%82%D1%8C%D1%8F%D0%BD%D0%B0/"
parus-peterburg.ru,"https://parus-peterburg.ru/feed/turbo/",1,rss,"https://parus-peterburg.ru/krymskaya-krugosvetka/"
parus-peterburg.ru,"https://parus-peterburg.ru/feed/turbo/",0,rss,"https://parus-peterburg.ru/reviews/%D0%B5%D0%BB%D0%B5%D0%BD%D0%B0-3/"
parus-peterburg.ru,"https://parus-peterburg.ru/feed/turbo/",0,rss,"https://parus-peterburg.ru/reviews/%D0%BF%D1%91%D1%82%D1%80/"
parus-peterburg.ru,"https://parus-peterburg.ru/feed/turbo/",0,rss,"https://parus-peterburg.ru/reviews/%D0%BB%D1%8E%D0%B1%D0%BE%D0%B2%D1%8C/"
parus-peterburg.ru,"https://parus-peterburg.ru/feed/turbo/",0,rss,"https://parus-peterburg.ru/reviews/%D0%B5%D0%BB%D0%B5%D0%BD%D0%B0-%D0%B8-%D0%B0%D0%BD%D0%B4%D1%80%D0%B5%D0%B9/"
parus-peterburg.ru,"https://parus-peterburg.ru/feed/turbo/",0,rss,"https://parus-peterburg.ru/reviews/nadezhda-3/"
parus-peterburg.ru,"https://parus-peterburg.ru/feed/turbo/",0,rss,"https://parus-peterburg.ru/reviews/%D0%BB%D1%8E%D0%B1%D0%BE%D0%B2%D1%8C-2/"
parus-peterburg.ru,"https://parus-peterburg.ru/feed/turbo/",1,rss,"https://parus-peterburg.ru/tver-dlya-gurmanov/"
parus-peterburg.ru,"https://parus-peterburg.ru/feed/turbo/",1,rss,"https://parus-peterburg.ru/obzornaya-po-gorodu-ermitaj"
parus-peterburg.ru,"https://parus-peterburg.ru/feed/turbo/",1,rss,"https://parus-peterburg.ru/%D1%81%D0%B0%D0%B4-%D0%BF%D1%80%D0%B8-%D0%B0%D0%BA%D0%B0%D0%B4%D0%B5%D0%BC%D0%B8%D0%B8-%D1%85%D1%83%D0%B4%D0%BE%D0%B6%D0%B5%D1%81%D1%82%D0%B2"
parus-peterburg.ru,"https://parus-peterburg.ru/feed/turbo/",1,rss,"https://parus-peterburg.ru/%D0%B8%D0%B3%D1%80%D0%B0-%D1%86%D0%B0%D1%80%D1%81%D0%BA%D0%BE%D0%B5-%D1%81%D0%B5%D0%BB%D0%BE/"
parus-peterburg.ru,"https://parus-peterburg.ru/feed/turbo/",1,rss,"https://parus-peterburg.ru/5-luchshikh-muzeyev-kronshtadta/"
parus-peterburg.ru,"https://parus-peterburg.ru/feed/turbo/",0,rss,"https://parus-peterburg.ru/reviews/%D0%B3%D0%B0%D0%BB%D0%B8%D0%BD%D0%B0/"
parus-peterburg.ru,"https://parus-peterburg.ru/feed/turbo/",0,rss,"https://parus-peterburg.ru/reviews/%D1%82%D0%B0%D1%82%D1%8C%D1%8F%D0%BD%D0%B0-2/"
parus-peterburg.ru,"https://parus-peterburg.ru/feed/turbo/",0,rss,"https://parus-peterburg.ru/reviews/anton/"
parus-peterburg.ru,"https://parus-peterburg.ru/feed/turbo/",1,rss,"https://parus-peterburg.ru/grand-tur-po-krymu/"
parus-peterburg.ru,"https://parus-peterburg.ru/feed/turbo/",1,rss,"https://parus-peterburg.ru/%D1%81%D1%80%D0%B5%D0%B4%D0%BD%D0%B5%D0%B2%D0%B5%D0%BA%D0%BE%D0%B2%D1%8B%D0%B9-%D0%B2%D1%8B%D0%B1%D0%BE%D1%80%D0%B3/"
parus-peterburg.ru,"https://parus-peterburg.ru/feed/turbo/",0,rss,"https://parus-peterburg.ru/reviews/%D0%BE%D0%BB%D1%8C%D0%B3%D0%B0-%D0%BF%D1%82%D0%B0%D1%88%D0%BA%D0%B8%D0%BD%D0%B0/"
parus-peterburg.ru,"https://parus-peterburg.ru/feed/turbo/",1,rss,"https://parus-peterburg.ru/v-kaliningrad-v-lyuboj-den-ciklichnyj-t/"
parus-peterburg.ru,"https://parus-peterburg.ru/feed/turbo/",0,rss,"https://parus-peterburg.ru/reviews/%D0%B5%D0%BA%D0%B0%D1%82%D0%B5%D1%80%D0%B8%D0%BD%D0%B0/"
parus-peterburg.ru,"https://parus-peterburg.ru/feed/turbo/",1,rss,"https://parus-peterburg.ru/samyye-interesnyye-varianty-marshrutov/"
parus-peterburg.ru,"https://parus-peterburg.ru/feed/turbo/",0,rss,"https://parus-peterburg.ru/reviews/%D0%BE%D0%BB%D0%B5%D1%81%D1%8F/"
parus-peterburg.ru,"https://parus-peterburg.ru/feed/turbo/",0,rss,"https://parus-peterburg.ru/reviews/%D0%BE%D0%BB%D1%8C%D0%B3%D0%B0-4/"
parus-peterburg.ru,"https://parus-peterburg.ru/feed/turbo/",1,rss,"https://parus-peterburg.ru/azbuka-ekskursij"
parus-peterburg.ru,"https://parus-peterburg.ru/feed/turbo/",0,rss,"https://parus-peterburg.ru/reviews/%D0%BC%D0%B0%D1%80%D0%B8%D0%BD%D0%B0-3/"
parus-peterburg.ru,"https://parus-peterburg.ru/feed/turbo/",0,rss,"https://parus-peterburg.ru/reviews/%D0%BC%D0%B0%D1%80%D0%B8%D1%8F-4/"
parus-peterburg.ru,"https://parus-peterburg.ru/feed/turbo/",0,rss,"https://parus-peterburg.ru/reviews/%D1%81%D0%B2%D0%B5%D1%82%D0%BB%D0%B0%D0%BD%D0%B0-6/"
parus-peterburg.ru,"https://parus-peterburg.ru/feed/turbo/",0,rss,"https://parus-peterburg.ru/reviews/%D0%BB%D1%8E%D0%B4%D0%BC%D0%B8%D0%BB%D0%B0-4/"
parus-peterburg.ru,"https://parus-peterburg.ru/feed/turbo/",0,rss,"https://parus-peterburg.ru/reviews/%D1%81%D0%B5%D1%80%D0%B3%D0%B5%D0%B9-3/"
parus-peterburg.ru,"https://parus-peterburg.ru/feed/turbo/",1,rss,"https://parus-peterburg.ru/muzei-gorodskoi-skulptury-razmestyat-v-utkinoi-dache"
parus-peterburg.ru,"https://parus-peterburg.ru/feed/turbo/",1,rss,"https://parus-peterburg.ru/v-sankt-peterburge-proidut-nedeli-severnyh-stran"
parus-peterburg.ru,"https://parus-peterburg.ru/feed/turbo/",0,rss,"https://parus-peterburg.ru/reviews/%D0%B0%D0%BD%D0%BD%D0%B0-2/"
parus-peterburg.ru,"https://parus-peterburg.ru/feed/turbo/",0,rss,"https://parus-peterburg.ru/reviews/%D0%BC%D0%B8%D1%80%D0%BE%D0%BD%D0%BE%D0%B2-%D1%81%D0%B5%D1%80%D0%B3%D0%B5%D0%B9/"
parus-peterburg.ru,"https://parus-peterburg.ru/feed/turbo/",0,rss,"https://parus-peterburg.ru/reviews/%D0%BE%D0%BB%D1%8C%D0%B3%D0%B0-%D0%B8-%D0%B0%D0%BD%D0%B4%D1%80%D0%B5%D0%B9/"
parus-peterburg.ru,"https://parus-peterburg.ru/feed/turbo/",0,rss,"https://parus-peterburg.ru/reviews/%D0%B5%D0%BB%D0%B5%D0%BD%D0%B0-%D0%B8-%D0%B8%D1%80%D0%B8%D0%BD%D0%B0/"
parus-peterburg.ru,"https://parus-peterburg.ru/feed/turbo/",1,rss,"https://parus-peterburg.ru/%D0%B5%D0%BB%D0%B0%D0%B3%D0%B8%D0%BD-%D0%BE%D1%81%D1%82%D1%80%D0%BE%D0%B2"
parus-peterburg.ru,"https://parus-peterburg.ru/feed/turbo/",0,rss,"https://parus-peterburg.ru/reviews/mariya-polyakova-3/"
parus-peterburg.ru,"https://parus-peterburg.ru/feed/turbo/",0,rss,"https://parus-peterburg.ru/reviews/viktoriya/"
parus-peterburg.ru,"https://parus-peterburg.ru/feed/turbo/",0,rss,"https://parus-peterburg.ru/reviews/%D0%BB%D1%8E%D0%B4%D0%BC%D0%B8%D0%BB%D0%B0/"
parus-peterburg.ru,"https://parus-peterburg.ru/feed/turbo/",1,rss,"https://parus-peterburg.ru/%D0%BA%D0%BE%D0%BD%D1%81%D1%82%D0%B0%D0%BD%D1%82%D0%B8%D0%BD%D0%BE%D0%B2%D1%81%D0%BA%D0%B8%D0%B9-%D0%B4%D0%B2%D0%BE%D1%80%D0%B5%D1%86"
parus-peterburg.ru,"https://parus-peterburg.ru/feed/turbo/",1,rss,"https://parus-peterburg.ru/vkus-kryma/"
parus-peterburg.ru,"https://parus-peterburg.ru/feed/turbo/",1,rss,"https://parus-peterburg.ru/%D0%BA%D1%80%D0%BE%D0%BD%D1%88%D1%82%D0%B0%D0%B4%D1%822"
parus-peterburg.ru,"https://parus-peterburg.ru/feed/turbo/",1,rss,"https://parus-peterburg.ru/ekskursionno-razvlekatel%27nyj-tur-legendy-samurzakana"
parus-peterburg.ru,"https://parus-peterburg.ru/feed/turbo/",0,rss,"https://parus-peterburg.ru/reviews/%D0%B5%D0%BA%D0%B0%D1%82%D0%B5%D1%80%D0%B8%D0%BD%D0%B0-%D0%BA%D0%B8%D1%80%D1%81%D0%B0%D0%BD%D0%BE%D0%B2%D0%B0/"
parus-peterburg.ru,"https://parus-peterburg.ru/feed/turbo/",1,rss,"https://parus-peterburg.ru/%D0%BC%D0%BE%D1%81%D0%BA%D0%BE%D0%B2%D1%81%D0%BA%D0%B8%D0%B9-%D0%BF%D0%B0%D1%80%D0%BA-%D0%BF%D0%BE%D0%B1%D0%B5%D0%B4%D1%8B"
parus-peterburg.ru,"https://parus-peterburg.ru/feed/turbo/",0,rss,"https://parus-peterburg.ru/reviews/alevtina/"
parus-peterburg.ru,"https://parus-peterburg.ru/feed/turbo/",0,rss,"https://parus-peterburg.ru/reviews/igor-natalya/"
parus-peterburg.ru,"https://parus-peterburg.ru/feed/turbo/",0,rss,"https://parus-peterburg.ru/reviews/oksana/"
parus-peterburg.ru,"https://parus-peterburg.ru/feed/turbo/",0,rss,"https://parus-peterburg.ru/reviews/%D0%BD%D0%B0%D1%82%D0%B0%D0%BB%D0%B8%D1%8F-%D0%BD%D0%BE%D0%B2%D0%BE%D1%81%D0%B5%D0%BB%D0%BE%D0%B2%D0%B0/"
parus-peterburg.ru,"https://parus-peterburg.ru/feed/turbo/",1,rss,"https://parus-peterburg.ru/pskovskaya-shvejcariya/"
parus-peterburg.ru,"https://parus-peterburg.ru/feed/turbo/",0,rss,"https://parus-peterburg.ru/reviews/%D0%B0%D0%BB%D0%B5%D0%BA%D1%81%D0%B0%D0%BD%D0%B4%D1%80-03-10-2020/"
parus-peterburg.ru,"https://parus-peterburg.ru/feed/turbo/",1,rss,"https://parus-peterburg.ru/nochnoi-peterburg-%257c-ekskursiya-po-nochnomu-sankt-peterburgu-na-avtobuse-i-teplohode"
parus-peterburg.ru,"https://parus-peterburg.ru/feed/turbo/",1,rss,"https://parus-peterburg.ru/%D0%BC%D1%83%D0%B7%D0%B5%D0%B9-%D1%80%D0%B8%D0%BC%D1%81%D0%BA%D0%BE%D0%B3%D0%BE-%D0%BA%D0%BE%D1%80%D1%81%D0%B0%D0%BA%D0%BE%D0%B2%D0%B0"
parus-peterburg.ru,"https://parus-peterburg.ru/feed/turbo/",1,rss,"https://parus-peterburg.ru/%D0%B7%D0%B0%D0%BF%D0%BE%D0%B2%D0%B5%D0%B4%D0%BD%D0%B8%D0%BA-%D0%BE%D1%80%D0%B0%D0%BD%D0%B8%D0%B5%D0%BD%D0%B1%D0%B0%D1%83%D0%BC"
parus-peterburg.ru,"https://parus-peterburg.ru/feed/turbo/",1,rss,"https://parus-peterburg.ru/gastronomicheskij-tur-prazdnik-molo/"
parus-peterburg.ru,"https://parus-peterburg.ru/feed/turbo/",0,rss,"https://parus-peterburg.ru/reviews/nadezhda-2/"
parus-peterburg.ru,"https://parus-peterburg.ru/feed/turbo/",1,rss,"https://parus-peterburg.ru/%D0%B0%D0%BB%D0%B5%D0%BA%D1%81%D0%B0%D0%BD%D0%B4%D1%80%D0%BE%D0%B2%D1%81%D0%BA%D0%B8%D0%B9-%D0%BF%D0%B0%D1%80%D0%BA"
parus-peterburg.ru,"https://parus-peterburg.ru/feed/turbo/",1,rss,"https://parus-peterburg.ru/%D0%B4%D0%B5%D1%82%D1%81%D0%BA%D0%B8%D0%B9-%D0%BF%D0%B0%D1%80%D0%BA-%D0%B8%D0%BC%D0%B5%D0%BD%D0%B8-9-%D1%8F%D0%BD%D0%B2%D0%B0%D1%80%D1%8F"
parus-peterburg.ru,"https://parus-peterburg.ru/feed/turbo/",0,rss,"https://parus-peterburg.ru/reviews/%D1%81%D0%B2%D0%B5%D1%82%D0%BB%D0%B0%D0%BD%D0%B0-%D0%B2%D0%B0%D0%BB%D0%B5%D1%80%D1%8C%D0%B5%D0%B2%D0%BD%D0%B0-%D0%BF%D0%BE%D0%BC%D0%BE%D1%80%D0%BE%D0%B2%D0%B0/"
parus-peterburg.ru,"https://parus-peterburg.ru/feed/turbo/",1,rss,"https://parus-peterburg.ru/weekend-na-kavkaze/"
parus-peterburg.ru,"https://parus-peterburg.ru/feed/turbo/",0,rss,"https://parus-peterburg.ru/reviews/tatyana-2/"
parus-peterburg.ru,"https://parus-peterburg.ru/feed/turbo/",1,rss,"https://parus-peterburg.ru/%D0%BF%D0%B0%D0%B2%D0%BB%D0%BE%D0%B2%D1%81%D0%BA"
parus-peterburg.ru,"https://parus-peterburg.ru/feed/turbo/",0,rss,"https://parus-peterburg.ru/reviews/nadezhda/"
parus-peterburg.ru,"https://parus-peterburg.ru/feed/turbo/",1,rss,"https://parus-peterburg.ru/udivi-menya-kazan/"
parus-peterburg.ru,"https://parus-peterburg.ru/feed/turbo/",1,rss,"https://parus-peterburg.ru/jekskursii-v-stile-rep"
parus-peterburg.ru,"https://parus-peterburg.ru/feed/turbo/",1,rss,"https://parus-peterburg.ru/%D1%80%D0%BE%D1%81%D1%81%D0%B8%D0%B9%D1%81%D0%BA%D0%B8%D0%B9-%D1%8D%D1%82%D0%BD%D0%BE%D0%B3%D1%80%D0%B0%D1%84%D0%B8%D1%87%D0%B5%D1%81%D0%BA%D0%B8%D0%B9-%D0%BC%D1%83%D0%B7%D0%B5%D0%B9"
parus-peterburg.ru,"https://parus-peterburg.ru/feed/turbo/",0,rss,"https://parus-peterburg.ru/reviews/%D0%B5%D0%BB%D0%B5%D0%BD%D0%B0-7/"
parus-peterburg.ru,"https://parus-peterburg.ru/feed/turbo/",1,rss,"https://parus-peterburg.ru/individualnie-ekskursii-po-peterburgu"
parus-peterburg.ru,"https://parus-peterburg.ru/feed/turbo/",1,rss,"https://parus-peterburg.ru/%D1%81%D0%B0%D0%B4-%D0%B1%D0%B5%D0%BD%D1%83%D0%B0"
parus-peterburg.ru,"https://parus-peterburg.ru/feed/turbo/",1,rss,"https://parus-peterburg.ru/literaturnyi-peterburg"
parus-peterburg.ru,"https://parus-peterburg.ru/feed/turbo/",0,rss,"https://parus-peterburg.ru/reviews/__trashed-13/"
parus-peterburg.ru,"https://parus-peterburg.ru/feed/turbo/",1,rss,"https://parus-peterburg.ru/%D0%B2%D0%BE%D0%B5%D0%BD%D0%BD%D0%BE-%D0%BC%D0%BE%D1%80%D1%81%D0%BA%D0%BE%D0%B9-%D0%BC%D1%83%D0%B7%D0%B5%D0%B9"
parus-peterburg.ru,"https://parus-peterburg.ru/feed/turbo/",1,rss,"https://parus-peterburg.ru/%D0%BC%D1%83%D0%B7%D0%B5%D0%B9-%D0%B8%D1%81%D1%82%D0%BE%D1%80%D0%B8%D0%B8-%D1%81%D0%B0%D0%BD%D0%BA%D1%82-%D0%BF%D0%B5%D1%82%D0%B5%D1%80%D0%B1%D1%83%D1%80%D0%B3%D0%B0"
parus-peterburg.ru,"https://parus-peterburg.ru/feed/turbo/",1,rss,"https://parus-peterburg.ru/ekskursiya-neizvestnyi-vladimirskii-kvartal"
parus-peterburg.ru,"https://parus-peterburg.ru/feed/turbo/",1,rss,"https://parus-peterburg.ru/pamyat-tverskoj-zemli-rzhevskij-memor/"
parus-peterburg.ru,"https://parus-peterburg.ru/feed/turbo/",0,rss,"https://parus-peterburg.ru/reviews/lyudmila/"
parus-peterburg.ru,"https://parus-peterburg.ru/feed/turbo/",0,rss,"https://parus-peterburg.ru/reviews/marina-2/"
parus-peterburg.ru,"https://parus-peterburg.ru/feed/turbo/",0,rss,"https://parus-peterburg.ru/reviews/ekaterina-2/"
parus-peterburg.ru,"https://parus-peterburg.ru/feed/turbo/",0,rss,"https://parus-peterburg.ru/reviews/irina/"
parus-peterburg.ru,"https://parus-peterburg.ru/feed/turbo/",1,rss,"https://parus-peterburg.ru/den-narodnogo-edinstva-v-kaliningrade/"
parus-peterburg.ru,"https://parus-peterburg.ru/feed/turbo/",1,rss,"https://parus-peterburg.ru/krymskaya-krugosvetka-2/"
parus-peterburg.ru,"https://parus-peterburg.ru/feed/turbo/",0,rss,"https://parus-peterburg.ru/reviews/farid/"
parus-peterburg.ru,"https://parus-peterburg.ru/feed/turbo/",0,rss,"https://parus-peterburg.ru/reviews/%D0%BC%D0%B0%D1%80%D0%B8%D0%BD%D0%B0-%D0%B2%D0%BB%D0%B0%D0%B4%D0%B8%D0%BC%D0%B8%D1%80%D0%BE%D0%B2%D0%BD%D0%B0/"
parus-peterburg.ru,"https://parus-peterburg.ru/feed/turbo/",0,rss,"https://parus-peterburg.ru/reviews/aleksandra/"
parus-peterburg.ru,"https://parus-peterburg.ru/feed/turbo/",1,rss,"https://parus-peterburg.ru/eto-kavkaz/"
parus-peterburg.ru,"https://parus-peterburg.ru/feed/turbo/",0,rss,"https://parus-peterburg.ru/reviews/yuliya/"
parus-peterburg.ru,"https://parus-peterburg.ru/feed/turbo/",0,rss,"https://parus-peterburg.ru/reviews/elena-4/"
parus-peterburg.ru,"https://parus-peterburg.ru/feed/turbo/",1,rss,"https://parus-peterburg.ru/%D0%B2%D1%81%D0%B5%D0%BB%D0%B5%D0%BD%D0%BD%D0%B0%D1%8F-%D0%B2%D0%BE%D0%B4%D1%8B"
parus-peterburg.ru,"https://parus-peterburg.ru/feed/turbo/",0,rss,"https://parus-peterburg.ru/reviews/%D0%BB%D1%8E%D0%B4%D0%BC%D0%B8%D0%BB%D0%B0-%D0%B1%D1%83%D0%B7%D0%B8%D0%BD%D0%B0/"
parus-peterburg.ru,"https://parus-peterburg.ru/feed/turbo/",1,rss,"https://parus-peterburg.ru/ekskursiya-v-kronshtadt"
parus-peterburg.ru,"https://parus-peterburg.ru/feed/turbo/",1,rss,"https://parus-peterburg.ru/%D0%BA%D1%83%D0%BD%D1%81%D1%82%D0%BA%D0%B0%D0%BC%D0%B5%D1%80%D0%B0"
parus-peterburg.ru,"https://parus-peterburg.ru/feed/turbo/",0,rss,"https://parus-peterburg.ru/reviews/%D0%B5%D0%BA%D0%B0%D1%82%D0%B5%D1%80%D0%B8%D0%BD%D0%B0-5/"
parus-peterburg.ru,"https://parus-peterburg.ru/feed/turbo/",0,rss,"https://parus-peterburg.ru/reviews/%D0%BC%D0%B0%D1%80%D0%B8%D0%BD%D0%B0-2/"
parus-peterburg.ru,"https://parus-peterburg.ru/feed/turbo/",1,rss,"https://parus-peterburg.ru/%D1%88%D0%BE%D1%83-%D1%80%D0%BE%D0%BA-%D1%85%D0%B8%D1%82%D1%8B-2-0/"
parus-peterburg.ru,"https://parus-peterburg.ru/feed/turbo/",1,rss,"https://parus-peterburg.ru/%D1%80%D0%B0%D0%B7%D0%BD%D0%BE%D1%87%D0%B8%D0%BD%D0%BD%D1%8B%D0%B9-%D0%BF%D0%B5%D1%82%D0%B5%D1%80%D0%B1%D1%83%D1%80%D0%B3"
parus-peterburg.ru,"https://parus-peterburg.ru/feed/turbo/",0,rss,"https://parus-peterburg.ru/reviews/%D1%83%D1%81%D0%BA%D0%BE%D0%B2-%D0%B0%D0%BD%D0%B4%D1%80%D0%B5%D0%B9-%D1%8E%D1%80%D1%8C%D0%B5%D0%B2%D0%B8%D1%87/"
parus-peterburg.ru,"https://parus-peterburg.ru/feed/turbo/",0,rss,"https://parus-peterburg.ru/reviews/%D0%B5%D0%B2%D0%B3%D0%B5%D0%BD%D0%B8%D1%8F-2/"
parus-peterburg.ru,"https://parus-peterburg.ru/feed/turbo/",1,rss,"https://parus-peterburg.ru/ocharovanie-adygei/"
parus-peterburg.ru,"https://parus-peterburg.ru/feed/turbo/",0,rss,"https://parus-peterburg.ru/reviews/%D0%BE%D0%BB%D0%B5%D0%B3-%D0%B0%D0%BB%D0%B5%D0%BA%D1%81%D0%B5%D0%B5%D0%B2%D0%B8%D1%87/"
parus-peterburg.ru,"https://parus-peterburg.ru/feed/turbo/",1,rss,"https://parus-peterburg.ru/legendy-karelii-ruskeala-i-valaam/"
parus-peterburg.ru,"https://parus-peterburg.ru/feed/turbo/",0,rss,"https://parus-peterburg.ru/reviews/oksana-2/"
parus-peterburg.ru,"https://parus-peterburg.ru/feed/turbo/",1,rss,"https://parus-peterburg.ru/zolotoe-kolco-iz-sankt-peterburga"
parus-peterburg.ru,"https://parus-peterburg.ru/feed/turbo/",1,rss,"https://parus-peterburg.ru/%D0%B2%D1%8B%D1%81%D1%82%D0%B0%D0%B2%D0%BA%D0%B0-%D0%B5%D0%B2%D1%80%D0%BE%D0%BF%D0%B5%D0%B9%D1%81%D0%BA%D0%B0%D1%8F-%D0%BE%D1%85%D0%BE%D1%82%D0%B0-%D0%B8-%D0%BE%D1%85%D0%BE%D1%82%D0%BD%D0%B8/"
parus-peterburg.ru,"https://parus-peterburg.ru/feed/turbo/",0,rss,"https://parus-peterburg.ru/reviews/%D0%B0%D0%B1%D0%B0%D0%BA%D1%83%D0%BC%D0%BE%D0%B2%D0%B0-%D0%BB%D1%8E%D0%B1%D0%BE%D0%B2%D1%8C/"
parus-peterburg.ru,"https://parus-peterburg.ru/feed/turbo/",0,rss,"https://parus-peterburg.ru/reviews/%D0%BA%D0%B0%D0%B4%D1%83%D0%BB%D0%B8%D0%BD%D0%B0-%D0%B8-%D0%B8/"
parus-peterburg.ru,"https://parus-peterburg.ru/feed/turbo/",1,rss,"https://parus-peterburg.ru/pushkin-tour-tsarskoe-selo/"
parus-peterburg.ru,"https://parus-peterburg.ru/feed/turbo/",0,rss,"https://parus-peterburg.ru/reviews/%D0%B8%D0%B2%D0%B0%D0%BD/"
parus-peterburg.ru,"https://parus-peterburg.ru/feed/turbo/",0,rss,"https://parus-peterburg.ru/reviews/%D0%BB%D0%B8%D0%BB%D0%B8%D1%8F/"
parus-peterburg.ru,"https://parus-peterburg.ru/feed/turbo/",0,rss,"https://parus-peterburg.ru/reviews/tatyana/"
parus-peterburg.ru,"https://parus-peterburg.ru/feed/turbo/",1,rss,"https://parus-peterburg.ru/v-sankt-peterburge-proidet-festival-sovremennoe-iskusstvo-v-tradicionnom-muzee-2012"
parus-peterburg.ru,"https://parus-peterburg.ru/feed/turbo/",1,rss,"https://parus-peterburg.ru/%D0%BC%D1%83%D0%B7%D0%B5%D0%B9-%D0%BF%D0%BE%D0%BB%D0%B8%D1%82%D0%B8%D1%87%D0%B5%D1%81%D0%BA%D0%BE%D0%B9-%D0%BF%D0%BE%D0%BB%D0%B8%D1%86%D0%B8%D0%B8"
parus-peterburg.ru,"https://parus-peterburg.ru/feed/turbo/",0,rss,"https://parus-peterburg.ru/reviews/%D0%BA%D1%83%D0%B7%D0%BD%D0%B5%D1%86%D0%BE%D0%B2%D0%B0-%D0%BD%D0%B0%D1%82%D0%B0%D0%BB%D0%B8%D1%8F/"
parus-peterburg.ru,"https://parus-peterburg.ru/feed/turbo/",0,rss,"https://parus-peterburg.ru/reviews/%D0%BE%D0%BB%D1%8C%D0%B3%D0%B0-5/"
parus-peterburg.ru,"https://parus-peterburg.ru/feed/turbo/",0,rss,"https://parus-peterburg.ru/reviews/%D0%BC%D0%B0%D1%80%D0%B8%D1%8F-%D1%82%D0%B0%D1%82%D0%B0%D1%80%D0%BA%D0%B8%D0%BD%D0%B0/"
parus-peterburg.ru,"https://parus-peterburg.ru/feed/turbo/",1,rss,"https://parus-peterburg.ru/v-tridevyatom-czarstve/"
parus-peterburg.ru,"https://parus-peterburg.ru/feed/turbo/",0,rss,"https://parus-peterburg.ru/reviews/mihail/"
parus-peterburg.ru,"https://parus-peterburg.ru/feed/turbo/",1,rss,"https://parus-peterburg.ru/%D0%BC%D0%B0%D1%80%D1%81%D0%BE%D0%B2%D0%BE-%D0%BF%D0%BE%D0%BB%D0%B5"
parus-peterburg.ru,"https://parus-peterburg.ru/feed/turbo/",0,rss,"https://parus-peterburg.ru/reviews/%D0%BD%D0%B0%D1%82%D0%B0%D0%BB%D1%8C%D1%8F-4/"
parus-peterburg.ru,"https://parus-peterburg.ru/feed/turbo/",1,rss,"https://parus-peterburg.ru/%D0%BC%D1%83%D0%B7%D0%B5%D0%B9-%D0%B6%D0%B5%D0%BB%D0%B5%D0%B7%D0%BD%D0%BE%D0%B4%D0%BE%D1%80%D0%BE%D0%B6%D0%BD%D0%BE%D0%B3%D0%BE-%D1%82%D1%80%D0%B0%D0%BD%D1%81%D0%BF%D0%BE%D1%80%D1%82%D0%B0"
parus-peterburg.ru,"https://parus-peterburg.ru/feed/turbo/",1,rss,"https://parus-peterburg.ru/%D0%BE%D0%B1%D0%B7%D0%BE%D1%80%D0%BD%D0%B0%D1%8F-2"
parus-peterburg.ru,"https://parus-peterburg.ru/feed/turbo/",0,rss,"https://parus-peterburg.ru/reviews/%D0%B3%D0%B0%D0%BB%D0%B8%D0%BD%D0%B0-2/"
parus-peterburg.ru,"https://parus-peterburg.ru/feed/turbo/",0,rss,"https://parus-peterburg.ru/reviews/%D1%81%D0%B2%D0%B5%D1%82%D0%BB%D0%B0%D0%BD%D0%B0-5/"
parus-peterburg.ru,"https://parus-peterburg.ru/feed/turbo/",0,rss,"https://parus-peterburg.ru/reviews/%D0%BD%D0%B8%D0%BA%D0%BE%D0%BB%D0%B0%D0%B9/"
parus-peterburg.ru,"https://parus-peterburg.ru/feed/turbo/",0,rss,"https://parus-peterburg.ru/reviews/%D0%B0%D0%BB%D0%B5%D0%BA%D1%81%D0%B5%D0%B9-2/"
parus-peterburg.ru,"https://parus-peterburg.ru/feed/turbo/",0,rss,"https://parus-peterburg.ru/reviews/%D0%BB%D1%8E%D0%B4%D0%BC%D0%B8%D0%BB%D0%B0-3/"
parus-peterburg.ru,"https://parus-peterburg.ru/feed/turbo/",1,rss,"https://parus-peterburg.ru/hramy-i-svyatyni-goroda-na-neve"
parus-peterburg.ru,"https://parus-peterburg.ru/feed/turbo/",0,rss,"https://parus-peterburg.ru/reviews/%D0%BD%D0%B0%D0%B4%D0%B5%D0%B6%D0%B4%D0%B0/"
parus-peterburg.ru,"https://parus-peterburg.ru/feed/turbo/",1,rss,"https://parus-peterburg.ru/%D0%BC%D1%83%D0%B7%D0%B5%D0%B9-%D1%82%D0%B5%D0%B0%D1%82%D1%80%D0%B0%D0%BB%D1%8C%D0%BD%D0%BE%D0%B3%D0%BE-%D0%B8-%D0%BC%D1%83%D0%B7%D1%8B%D0%BA%D0%B0%D0%BB%D1%8C%D0%BD%D0%BE%D0%B3%D0%BE-%D0%B8%D1%81%D0%BA%D1%83%D1%81%D1%81%D1%82%D0%B2%D0%B0"
parus-peterburg.ru,"https://parus-peterburg.ru/feed/turbo/",1,rss,"https://parus-peterburg.ru/sankt-peterburg-pamyatnik-arhitekturi"
parus-peterburg.ru,"https://parus-peterburg.ru/feed/turbo/",1,rss,"https://parus-peterburg.ru/kazan-kazhdyj-den-4-dnya/"
parus-peterburg.ru,"https://parus-peterburg.ru/feed/turbo/",1,rss,"https://parus-peterburg.ru/%D0%B3%D0%BE%D1%81%D1%83%D0%B4%D0%B0%D1%80%D1%81%D1%82%D0%B2%D0%B5%D0%BD%D0%BD%D1%8B%D0%B9-%D1%8D%D1%80%D0%BC%D0%B8%D1%82%D0%B0%D0%B6"
parus-peterburg.ru,"https://parus-peterburg.ru/feed/turbo/",1,rss,"https://parus-peterburg.ru/jekskursija-na-pivnoje-proizvodstvo"
parus-peterburg.ru,"https://parus-peterburg.ru/feed/turbo/",0,rss,"https://parus-peterburg.ru/reviews/%D0%BC%D0%B0%D1%80%D0%B8%D0%BD%D0%B0-%D1%86%D0%B5%D0%BB%D0%BE%D0%B2%D0%B0%D0%BB%D1%8C%D0%BD%D0%B8%D0%BA%D0%BE%D0%B2%D0%B0/"
parus-peterburg.ru,"https://parus-peterburg.ru/feed/turbo/",0,rss,"https://parus-peterburg.ru/reviews/oksana-3/"
parus-peterburg.ru,"https://parus-peterburg.ru/feed/turbo/",1,rss,"https://parus-peterburg.ru/%D0%BC%D1%83%D0%B7%D0%B5%D0%B9-%D0%BD%D0%B0%D0%B1%D0%BE%D0%BA%D0%BE%D0%B2%D0%B0"
parus-peterburg.ru,"https://parus-peterburg.ru/feed/turbo/",1,rss,"https://parus-peterburg.ru/%D0%BC%D1%83%D0%B7%D0%B5%D0%B9-%D1%85%D0%BB%D0%B5%D0%B1%D0%B0"
parus-peterburg.ru,"https://parus-peterburg.ru/feed/turbo/",1,rss,"https://parus-peterburg.ru/ot-barenceva-morya-k-belomu/"
parus-peterburg.ru,"https://parus-peterburg.ru/feed/turbo/",0,rss,"https://parus-peterburg.ru/reviews/elizaveta/"
parus-peterburg.ru,"https://parus-peterburg.ru/feed/turbo/",1,rss,"https://parus-peterburg.ru/%D0%B7%D0%BE%D0%BE%D0%BB%D0%BE%D0%B3%D0%B8%D1%87%D0%B5%D1%81%D0%BA%D0%B8%D0%B9-%D0%BC%D1%83%D0%B7%D0%B5%D0%B9"
parus-peterburg.ru,"https://parus-peterburg.ru/feed/turbo/",0,rss,"https://parus-peterburg.ru/reviews/%D0%BE%D0%BB%D1%8C%D0%B3%D0%B0-7/"
parus-peterburg.ru,"https://parus-peterburg.ru/feed/turbo/",0,rss,"https://parus-peterburg.ru/reviews/nikita/"
parus-peterburg.ru,"https://parus-peterburg.ru/feed/turbo/",1,rss,"https://parus-peterburg.ru/bolshaya-obzornaya-ekskursiya-s-posesheniem-petropavlovskoi-kreposti"
parus-peterburg.ru,"https://parus-peterburg.ru/feed/turbo/",0,rss,"https://parus-peterburg.ru/reviews/%D1%8D%D0%BB%D1%8F/"
parus-peterburg.ru,"https://parus-peterburg.ru/feed/turbo/",1,rss,"https://parus-peterburg.ru/varianty-obzornyh-ekskursii-dlya-vlyublennykh/"
parus-peterburg.ru,"https://parus-peterburg.ru/feed/turbo/",1,rss,"https://parus-peterburg.ru/korolevskie-vyhodnye-zamok-nesselb/"
parus-peterburg.ru,"https://parus-peterburg.ru/feed/turbo/",1,rss,"https://parus-peterburg.ru/%D0%BD%D0%B0%D1%83%D1%87%D0%BD%D0%BE-%D0%B8%D1%81%D1%81%D0%BB%D0%B5%D0%B4%D0%BE%D0%B2%D0%B0%D1%82%D0%B5%D0%BB%D1%8C%D1%81%D0%BA%D0%B8%D0%B9-%D0%BC%D1%83%D0%B7%D0%B5%D0%B9"
parus-peterburg.ru,"https://parus-peterburg.ru/feed/turbo/",1,rss,"https://parus-peterburg.ru/dve-epohi/"
parus-peterburg.ru,"https://parus-peterburg.ru/feed/turbo/",0,rss,"https://parus-peterburg.ru/reviews/%D0%B2%D0%BB%D0%B0%D0%B4%D0%B8%D0%BC%D0%B8%D1%80/"
parus-peterburg.ru,"https://parus-peterburg.ru/feed/turbo/",0,rss,"https://parus-peterburg.ru/reviews/elena-2/"
parus-peterburg.ru,"https://parus-peterburg.ru/feed/turbo/",1,rss,"https://parus-peterburg.ru/%D0%BE%D1%81%D0%BE%D0%B1%D0%BD%D1%8F%D0%BA-%D1%80%D1%83%D0%BC%D1%8F%D0%BD%D1%86%D0%B5%D0%B2%D0%B0"
parus-peterburg.ru,"https://parus-peterburg.ru/feed/turbo/",0,rss,"https://parus-peterburg.ru/reviews/%D0%B3%D0%B0%D0%BB%D0%B8%D0%BD%D0%B0-%D0%B8%D0%B2%D0%B0%D0%BD%D0%BE%D0%B2%D0%BD%D0%B0-%D1%80%D1%83%D0%B4%D0%B5%D0%BD%D0%BA%D0%BE/"
parus-peterburg.ru,"https://parus-peterburg.ru/feed/turbo/",1,rss,"https://parus-peterburg.ru/kazan-kazhdyj-den-2dnya/"
parus-peterburg.ru,"https://parus-peterburg.ru/feed/turbo/",0,rss,"https://parus-peterburg.ru/reviews/%D0%B8%D1%80%D0%B8%D0%BD%D0%B0-%D1%81%D0%B5%D1%80%D0%B3%D0%B5%D0%B5%D0%B2%D0%B0-2/"
parus-peterburg.ru,"https://parus-peterburg.ru/feed/turbo/",1,rss,"https://parus-peterburg.ru/%D0%BC%D1%83%D0%B7%D0%B5%D0%B9-%D0%B0%D1%80%D0%BA%D1%82%D0%B8%D0%BA%D0%B8"
parus-peterburg.ru,"https://parus-peterburg.ru/feed/turbo/",0,rss,"https://parus-peterburg.ru/reviews/%D0%B1%D0%BE%D0%B1%D1%80%D1%8B%D1%88%D0%B5%D0%B2%D0%B0-%D1%82%D0%B0%D1%82%D1%8C%D1%8F%D0%BD%D0%B0-%D0%B2%D0%BB%D0%B0%D0%B4%D0%B8%D0%BC%D0%B8%D1%80%D0%BE%D0%B2%D0%BD%D0%B0/"
parus-peterburg.ru,"https://parus-peterburg.ru/feed/turbo/",0,rss,"https://parus-peterburg.ru/reviews/%D0%BC%D0%B0%D1%80%D0%B8%D0%BD%D0%B0-4/"
parus-peterburg.ru,"https://parus-peterburg.ru/feed/turbo/",0,rss,"https://parus-peterburg.ru/reviews/%D0%BC%D0%B0%D1%80%D0%B8%D1%8F-%D0%BB%D0%B5%D0%BE%D0%BD%D0%B8%D0%B4%D0%BE%D0%B2%D0%BD%D0%B0-%D1%82%D0%BE%D0%BA%D0%B0%D1%80%D0%B5%D0%B2%D0%B0/"
parus-peterburg.ru,"https://parus-peterburg.ru/feed/turbo/",0,rss,"https://parus-peterburg.ru/reviews/%D0%BC%D0%B0%D1%80%D0%B8%D1%8F-3/"
parus-peterburg.ru,"https://parus-peterburg.ru/feed/turbo/",1,rss,"https://parus-peterburg.ru/novogodnij-fejerverk/"
parus-peterburg.ru,"https://parus-peterburg.ru/feed/turbo/",0,rss,"https://parus-peterburg.ru/reviews/%D1%81%D0%B5%D1%80%D0%B3%D0%B5%D0%B9-2/"
parus-peterburg.ru,"https://parus-peterburg.ru/feed/turbo/",0,rss,"https://parus-peterburg.ru/reviews/elena-3/"
parus-peterburg.ru,"https://parus-peterburg.ru/feed/turbo/",0,rss,"https://parus-peterburg.ru/reviews/vitalij/"
parus-peterburg.ru,"https://parus-peterburg.ru/feed/turbo/",0,rss,"https://parus-peterburg.ru/reviews/%D1%81%D0%B5%D1%80%D0%B3%D0%B5%D0%B9-5/"
parus-peterburg.ru,"https://parus-peterburg.ru/feed/turbo/",0,rss,"https://parus-peterburg.ru/%D1%84%D0%BE%D0%BB%D1%8C%D0%BA%D0%BB%D0%BE%D1%80%D0%BD%D0%BE%D0%B5-%D1%88%D0%BE%D1%83-%D0%BF%D0%BE%D1%87%D1%83%D0%B2%D1%81%D1%82%D0%B2%D1%83%D0%B9-%D1%81%D0%B5%D0%B1%D1%8F-%D1%80%D1%83%D1%81%D1%81/"
parus-peterburg.ru,"https://parus-peterburg.ru/feed/turbo/",1,rss,"https://parus-peterburg.ru/grand-tur-krymskaya-krugosvetka/"
parus-peterburg.ru,"https://parus-peterburg.ru/feed/turbo/",1,rss,"https://parus-peterburg.ru/%D0%B1%D0%BE%D1%82%D0%B0%D0%BD%D0%B8%D1%87%D0%B5%D1%81%D0%BA%D0%B8%D0%B9-%D1%81%D0%B0%D0%B4"
parus-peterburg.ru,"https://parus-peterburg.ru/feed/turbo/",0,rss,"https://parus-peterburg.ru/reviews/svetlana/"
parus-peterburg.ru,"https://parus-peterburg.ru/feed/turbo/",1,rss,"https://parus-peterburg.ru/%D0%BC%D1%83%D0%B7%D0%B5%D0%B9-%D1%8D%D0%BB%D0%B5%D0%BA%D1%82%D1%80%D0%B8%D1%87%D0%B5%D1%81%D0%BA%D0%BE%D0%B3%D0%BE-%D1%82%D1%80%D0%B0%D0%BD%D1%81%D0%BF%D0%BE%D1%80%D1%82%D0%B0"
parus-peterburg.ru,"https://parus-peterburg.ru/feed/turbo/",1,rss,"https://parus-peterburg.ru/%D0%BC%D1%83%D0%B7%D0%B5%D0%B9-%D0%B3%D0%B8%D0%B3%D0%B8%D0%B5%D0%BD%D1%8B"
parus-peterburg.ru,"https://parus-peterburg.ru/feed/turbo/",0,rss,"https://parus-peterburg.ru/reviews/%D1%8E%D0%BB%D0%B8%D1%8F-2/"
parus-peterburg.ru,"https://parus-peterburg.ru/feed/turbo/",0,rss,"https://parus-peterburg.ru/reviews/evgenij-umerenkov/"
parus-peterburg.ru,"https://parus-peterburg.ru/feed/turbo/",0,rss,"https://parus-peterburg.ru/reviews/mariya-polyakova-2/"
parus-peterburg.ru,"https://parus-peterburg.ru/feed/turbo/",1,rss,"https://parus-peterburg.ru/teplohodnaya-progulka-den"
parus-peterburg.ru,"https://parus-peterburg.ru/feed/turbo/",1,rss,"https://parus-peterburg.ru/noyabrskie-prazdniki-v-karelii/"
parus-peterburg.ru,"https://parus-peterburg.ru/feed/turbo/",1,rss,"https://parus-peterburg.ru/%D0%BC%D1%83%D0%B7%D0%B5%D0%B9-%D1%80%D0%B5%D0%BF%D0%B8%D0%BD%D0%B0"
parus-peterburg.ru,"https://parus-peterburg.ru/feed/turbo/",1,rss,"https://parus-peterburg.ru/%D0%BF%D0%BE%D0%BB%D0%B5%D0%B6%D0%B0%D0%B5%D0%B2%D1%81%D0%BA%D0%B8%D0%B9-%D0%BF%D0%B0%D1%80%D0%BA"
parus-peterburg.ru,"https://parus-peterburg.ru/feed/turbo/",1,rss,"https://parus-peterburg.ru/avtorskaya-ekskursiya-blokadnyi-leningrad-s-posesheniem-piskarevskogo-memorialnogo-kladbisha"
parus-peterburg.ru,"https://parus-peterburg.ru/feed/turbo/",0,rss,"https://parus-peterburg.ru/reviews/%D0%B1%D0%B5%D0%BB%D0%BE%D1%88%D0%B8%D1%86%D0%BA%D0%B0%D1%8F-%D0%BD%D0%B0%D1%82%D0%B0%D0%BB%D1%8C%D1%8F-%D0%B2%D0%B8%D0%BA%D1%82%D0%BE%D1%80%D0%BE%D0%B2%D0%BD%D0%B0/"
parus-peterburg.ru,"https://parus-peterburg.ru/feed/turbo/",0,rss,"https://parus-peterburg.ru/reviews/%D1%81%D0%B2%D0%B5%D1%82%D0%BB%D0%B0%D0%BD%D0%B0/"
parus-peterburg.ru,"https://parus-peterburg.ru/feed/turbo/",0,rss,"https://parus-peterburg.ru/reviews/%D0%BB%D1%8E%D0%B1%D0%BE%D0%B2%D1%8C-%D0%BC/"
parus-peterburg.ru,"https://parus-peterburg.ru/feed/turbo/",1,rss,"https://parus-peterburg.ru/%D0%B2%D1%8B%D1%81%D1%82%D0%B0%D0%B2%D0%BA%D0%B0-%D1%81%D0%BD%D0%B5%D0%B3-%D0%BF%D0%B0%D0%B4%D0%B0%D0%B5%D1%82-%D0%BD%D0%B0-%D0%B2%D1%81%D0%B5%D1%85/"
parus-peterburg.ru,"https://parus-peterburg.ru/feed/turbo/",1,rss,"https://parus-peterburg.ru/%D0%BC%D1%83%D0%B7%D0%B5%D0%B9-%D0%B4%D0%B5%D1%80%D0%B6%D0%B0%D0%B2%D0%B8%D0%BD%D0%B0"
parus-peterburg.ru,"https://parus-peterburg.ru/feed/turbo/",1,rss,"https://parus-peterburg.ru/goroda-morskoj-slavy/"
parus-peterburg.ru,"https://parus-peterburg.ru/feed/turbo/",0,rss,"https://parus-peterburg.ru/reviews/%D1%82%D0%B0%D1%82%D1%8C%D1%8F%D0%BD%D0%B0-5/"
parus-peterburg.ru,"https://parus-peterburg.ru/feed/turbo/",0,rss,"https://parus-peterburg.ru/pushkinskie-goryy/"
parus-peterburg.ru,"https://parus-peterburg.ru/feed/turbo/",1,rss,"https://parus-peterburg.ru/%D0%BC%D1%83%D0%B7%D0%B5%D0%B9-%D0%BD%D0%B5%D0%BA%D1%80%D0%B0%D1%81%D0%BE%D0%B2%D0%B0"
parus-peterburg.ru,"https://parus-peterburg.ru/feed/turbo/",1,rss,"https://parus-peterburg.ru/vyhodnye-v-karelii/"
parus-peterburg.ru,"https://parus-peterburg.ru/feed/turbo/",0,rss,"https://parus-peterburg.ru/reviews/%D0%B8%D1%80%D0%B8%D0%BD%D0%B0-5/"
parus-peterburg.ru,"https://parus-peterburg.ru/feed/turbo/",1,rss,"https://parus-peterburg.ru/%D0%BB%D0%B5%D0%B4%D0%BE%D0%BA%D0%BE%D0%BB-%D0%BA%D1%80%D0%B0%D1%81%D0%B8%D0%BD"
parus-peterburg.ru,"https://parus-peterburg.ru/feed/turbo/",1,rss,"https://parus-peterburg.ru/gostepriimstvo-russkogo-severa/"
parus-peterburg.ru,"https://parus-peterburg.ru/feed/turbo/",0,rss,"https://parus-peterburg.ru/reviews/%D0%BE%D0%BB%D1%8C%D0%B3%D0%B0-%D0%BC%D0%B0%D1%80%D0%B8%D0%BD%D0%B0-2/"
parus-peterburg.ru,"https://parus-peterburg.ru/feed/turbo/",1,rss,"https://parus-peterburg.ru/%D1%86%D0%B0%D1%80%D1%81%D0%BA%D0%B0%D1%8F-%D1%91%D0%BB%D0%BA%D0%B0-%D0%B2-%D0%BD%D0%B8%D0%BA%D0%BE%D0%BB%D0%B0%D0%B5%D0%B2%D1%81%D0%BA%D0%BE%D0%BC-%D0%B4%D0%B2%D0%BE%D1%80%D1%86%D0%B5/"
parus-peterburg.ru,"https://parus-peterburg.ru/feed/turbo/",0,rss,"https://parus-peterburg.ru/reviews/%D0%B0%D0%BB%D0%B5%D0%BA%D1%81%D0%B0%D0%BD%D0%B4%D1%80-2/"
parus-peterburg.ru,"https://parus-peterburg.ru/feed/turbo/",0,rss,"https://parus-peterburg.ru/reviews/%D1%81%D1%8B%D1%81%D0%BE%D0%B5%D0%B2%D0%B0-%D0%BD%D0%B0%D1%82%D0%B0%D0%BB%D1%8C%D1%8F-%D0%BB%D0%B5%D0%BE%D0%BD%D0%B8%D0%B4%D0%BE%D0%B2%D0%BD%D0%B0/"
parus-peterburg.ru,"https://parus-peterburg.ru/feed/turbo/",0,rss,"https://parus-peterburg.ru/reviews/nikolaj/"
parus-peterburg.ru,"https://parus-peterburg.ru/feed/turbo/",1,rss,"https://parus-peterburg.ru/teatralnyi-peterburg"
parus-peterburg.ru,"https://parus-peterburg.ru/feed/turbo/",1,rss,"https://parus-peterburg.ru/%D0%BC%D0%B8%D1%85%D0%B0%D0%B9%D0%BB%D0%BE%D0%B2%D1%81%D0%BA%D0%B8%D0%B9-%D1%81%D0%B0%D0%B4"
parus-peterburg.ru,"https://parus-peterburg.ru/feed/turbo/",1,rss,"https://parus-peterburg.ru/kazan-kazhdyj-den-3-dnya/"
parus-peterburg.ru,"https://parus-peterburg.ru/feed/turbo/",1,rss,"https://parus-peterburg.ru/pskov-pechory-pushkinskie-gory-2"
parus-peterburg.ru,"https://parus-peterburg.ru/feed/turbo/",1,rss,"https://parus-peterburg.ru/valdaj-velikij-novgorod/"
parus-peterburg.ru,"https://parus-peterburg.ru/feed/turbo/",1,rss,"https://parus-peterburg.ru/%D0%B2%D0%BE%D0%B5%D0%BD%D0%BD%D0%BE-%D0%BC%D0%B5%D0%B4%D0%B8%D1%86%D0%B8%D0%BD%D1%81%D0%BA%D0%B8%D0%B9-%D0%BC%D1%83%D0%B7%D0%B5%D0%B9"
parus-peterburg.ru,"https://parus-peterburg.ru/feed/turbo/",1,rss,"https://parus-peterburg.ru/%D0%BC%D1%83%D0%B7%D0%B5%D0%B9-%D0%B3%D1%83%D0%BC%D0%B8%D0%BB%D0%B5%D0%B2%D0%B0"
parus-peterburg.ru,"https://parus-peterburg.ru/feed/turbo/",1,rss,"https://parus-peterburg.ru/pravila-bezopasnosti-vo-vremya-vodnoy-progulki/"
parus-peterburg.ru,"https://parus-peterburg.ru/feed/turbo/",1,rss,"https://parus-peterburg.ru/%D0%BC%D1%83%D0%B7%D0%B5%D0%B9-%D0%BF%D0%B5%D1%82%D0%B5%D1%80%D0%B1%D1%83%D1%80%D0%B3%D1%81%D0%BA%D0%BE%D0%B3%D0%BE-%D0%B0%D0%B2%D0%B0%D0%BD%D0%B3%D0%B0%D1%80%D0%B4%D0%B0"
parus-peterburg.ru,"https://parus-peterburg.ru/feed/turbo/",0,rss,"https://parus-peterburg.ru/reviews/%D1%81%D0%B5%D1%80%D0%B3%D0%B5%D0%B9-4/"
parus-peterburg.ru,"https://parus-peterburg.ru/feed/turbo/",0,rss,"https://parus-peterburg.ru/reviews/%D1%84%D0%B8%D1%80%D0%B4%D0%B0%D1%83%D1%81/"
parus-peterburg.ru,"https://parus-peterburg.ru/feed/turbo/",0,rss,"https://parus-peterburg.ru/reviews/mariya-2/"
parus-peterburg.ru,"https://parus-peterburg.ru/feed/turbo/",1,rss,"https://parus-peterburg.ru/%D0%BF%D0%B0%D1%80%D0%BA-%D0%BB%D0%B5%D1%81%D0%BE%D1%82%D0%B5%D1%85%D0%BD%D0%B8%D1%87%D0%B5%D1%81%D0%BA%D0%BE%D0%B9-%D0%B0%D0%BA%D0%B0%D0%B4%D0%B5%D0%BC%D0%B8%D0%B8"
parus-peterburg.ru,"https://parus-peterburg.ru/feed/turbo/",1,rss,"https://parus-peterburg.ru/%D0%B2%D0%BE%D1%80%D0%BE%D0%BD%D0%B8%D1%85%D0%B8%D0%BD%D1%81%D0%BA%D0%B8%D0%B9-%D1%81%D0%BA%D0%B2%D0%B5%D1%80"
parus-peterburg.ru,"https://parus-peterburg.ru/feed/turbo/",1,rss,"https://parus-peterburg.ru/gastronomicheskij-tur-seli-poeli/"
parus-peterburg.ru,"https://parus-peterburg.ru/feed/turbo/",0,rss,"https://parus-peterburg.ru/reviews/%D0%B5%D0%BA%D0%B0%D1%82%D0%B5%D1%80%D0%B8%D0%BD%D0%B0-%D0%B8-%D0%B4%D0%B8%D1%8F/"
parus-peterburg.ru,"https://parus-peterburg.ru/feed/turbo/",1,rss,"https://parus-peterburg.ru/amber-lend/"
parus-peterburg.ru,"https://parus-peterburg.ru/feed/turbo/",0,rss,"https://parus-peterburg.ru/reviews/mariya/"
parus-peterburg.ru,"https://parus-peterburg.ru/feed/turbo/",1,rss,"https://parus-peterburg.ru/novogodnii-vechernii-peterburg"
parus-peterburg.ru,"https://parus-peterburg.ru/feed/turbo/",0,rss,"https://parus-peterburg.ru/reviews/%D0%B5%D0%BB%D0%B5%D0%BD%D0%B0-4/"
parus-peterburg.ru,"https://parus-peterburg.ru/feed/turbo/",0,rss,"https://parus-peterburg.ru/reviews/%D0%BA%D1%83%D0%BB%D1%91%D0%BD%D1%8B%D1%88%D0%B5%D0%B2%D0%B0-%D0%BA%D1%81%D0%B5%D0%BD%D0%B8%D1%8F-%D0%BC%D0%B8%D1%85%D0%B0%D0%B9%D0%BB%D0%BE%D0%B2%D0%BD%D0%B0/"
parus-peterburg.ru,"https://parus-peterburg.ru/feed/turbo/",0,rss,"https://parus-peterburg.ru/reviews/%D0%BA%D0%BE%D1%80%D1%87%D0%B0%D0%B3%D0%B8%D0%BD-%D0%B0%D0%BD%D0%B4%D1%80%D0%B5%D0%B9/"
parus-peterburg.ru,"https://parus-peterburg.ru/feed/turbo/",1,rss,"https://parus-peterburg.ru/%D0%BF%D0%B0%D1%80%D0%BA-%D0%B5%D0%BA%D0%B0%D1%82%D0%B5%D1%80%D0%B8%D0%BD%D0%B3%D0%BE%D1%84"
parus-peterburg.ru,"https://parus-peterburg.ru/feed/turbo/",0,rss,"https://parus-peterburg.ru/reviews/%D0%B3%D0%B0%D0%BB%D0%B8%D0%BD%D0%B0-4/"
parus-peterburg.ru,"https://parus-peterburg.ru/feed/turbo/",0,rss,"https://parus-peterburg.ru/reviews/%D1%81%D0%B2%D0%B5%D1%82%D0%BB%D0%B0%D0%BD%D0%B0-3/"
parus-peterburg.ru,"https://parus-peterburg.ru/feed/turbo/",1,rss,"https://parus-peterburg.ru/ekskursii-mify-i-legendy-peterburga"
parus-peterburg.ru,"https://parus-peterburg.ru/feed/turbo/",0,rss,"https://parus-peterburg.ru/reviews/%D1%84%D0%B5%D0%B4%D0%BE%D1%80%D0%B8%D0%BD%D0%B0-%D0%BE%D0%BA%D1%81%D0%B0%D0%BD%D0%B0-%D0%BD%D0%B8%D0%BA%D0%BE%D0%BB%D0%B0%D0%B5%D0%B2%D0%BD%D0%B0/"
parus-peterburg.ru,"https://parus-peterburg.ru/feed/turbo/",1,rss,"https://parus-peterburg.ru/%D0%BC%D1%83%D0%B7%D0%B5%D0%B9-%D0%B8%D1%81%D1%82%D0%BE%D1%80%D0%B8%D0%B8-%D1%80%D0%B5%D0%BB%D0%B8%D0%B3%D0%B8%D0%B8"
parus-peterburg.ru,"https://parus-peterburg.ru/feed/turbo/",1,rss,"https://parus-peterburg.ru/venecz-russkih-gorodov/"
parus-peterburg.ru,"https://parus-peterburg.ru/feed/turbo/",1,rss,"https://parus-peterburg.ru/%D0%BC%D1%83%D0%B7%D0%B5%D0%B9-%D1%86%D0%B8%D1%80%D0%BA%D0%BE%D0%B2%D0%BE%D0%B3%D0%BE-%D0%B8%D1%81%D0%BA%D1%83%D1%81%D1%81%D1%82%D0%B2%D0%B0"
parus-peterburg.ru,"https://parus-peterburg.ru/feed/turbo/",0,rss,"https://parus-peterburg.ru/reviews/%D0%BC%D0%B0%D1%80%D0%B8%D0%BD%D0%B0-%D0%B2%D0%B0%D1%81%D0%B8%D0%BB%D1%8C%D0%B5%D0%B2%D0%BD%D0%B0-%D0%B3%D0%BE%D1%80%D0%B1%D0%B0%D1%82%D0%BE%D0%B2%D0%B0/"
parus-peterburg.ru,"https://parus-peterburg.ru/feed/turbo/",1,rss,"https://parus-peterburg.ru/%D0%BC%D1%83%D0%B7%D0%B5%D0%B9-%D0%B7%D0%BE%D1%89%D0%B5%D0%BD%D0%BA%D0%BE"
parus-peterburg.ru,"https://parus-peterburg.ru/feed/turbo/",0,rss,"https://parus-peterburg.ru/reviews/%D0%BD%D0%B0%D1%82%D0%B0%D0%BB%D1%8C%D1%8F-5/"
parus-peterburg.ru,"https://parus-peterburg.ru/feed/turbo/",0,rss,"https://parus-peterburg.ru/reviews/elena-mihail-anna/"
parus-peterburg.ru,"https://parus-peterburg.ru/feed/turbo/",1,rss,"https://parus-peterburg.ru/sity-tour-introduction-of-saint-petersburg/"
parus-peterburg.ru,"https://parus-peterburg.ru/feed/turbo/",0,rss,"https://parus-peterburg.ru/reviews/elena/"
parus-peterburg.ru,"https://parus-peterburg.ru/feed/turbo/",1,rss,"https://parus-peterburg.ru/ves-kavkaz-ot-kavminvod-do-dagestana/"
parus-peterburg.ru,"https://parus-peterburg.ru/feed/turbo/",1,rss,"https://parus-peterburg.ru/%D0%BC%D1%83%D0%B7%D0%B5%D0%B9-%D0%BF%D0%BE%D0%B4%D0%B2%D0%BE%D0%B4%D0%BD%D1%8B%D1%85-%D1%81%D0%B8%D0%BB"
parus-peterburg.ru,"https://parus-peterburg.ru/feed/turbo/",1,rss,"https://parus-peterburg.ru/devichnik-v-arktike"
parus-peterburg.ru,"https://parus-peterburg.ru/feed/turbo/",0,rss,"https://parus-peterburg.ru/reviews/%D0%BC%D0%B8%D1%80%D0%BE%D0%BD%D0%BE%D0%B2%D0%B0-%D0%B5%D0%BB%D0%B5%D0%BD%D0%B0/"
parus-peterburg.ru,"https://parus-peterburg.ru/feed/turbo/",0,rss,"https://parus-peterburg.ru/reviews/%D0%BE%D0%BB%D1%8C%D0%B3%D0%B0-6/"
parus-peterburg.ru,"https://parus-peterburg.ru/feed/turbo/",0,rss,"https://parus-peterburg.ru/reviews/anzhela/"
parus-peterburg.ru,"https://parus-peterburg.ru/feed/turbo/",1,rss,"https://parus-peterburg.ru/gospodin-velikij-novgorod"
parus-peterburg.ru,"https://parus-peterburg.ru/feed/turbo/",0,rss,"https://parus-peterburg.ru/reviews/%D1%81%D0%B5%D1%80%D0%B0%D1%84%D0%B8%D0%BC%D0%B0/"
parus-peterburg.ru,"https://parus-peterburg.ru/feed/turbo/",1,rss,"https://parus-peterburg.ru/zvezdnyj-tur-po-krymu/"
parus-peterburg.ru,"https://parus-peterburg.ru/feed/turbo/",0,rss,"https://parus-peterburg.ru/reviews/%D0%BE%D0%BB%D1%8C%D0%B3%D0%B0-8/"
parus-peterburg.ru,"https://parus-peterburg.ru/feed/turbo/",0,rss,"https://parus-peterburg.ru/reviews/%D1%8E%D1%80%D0%B8%D0%B9-%D0%B7%D0%B8%D0%BD%D0%BA%D0%B5%D0%B2%D0%B8%D1%87/"
parus-peterburg.ru,"https://parus-peterburg.ru/feed/turbo/",1,rss,"https://parus-peterburg.ru/%D1%82%D0%B0%D0%B2%D1%80%D0%B8%D1%87%D0%B5%D1%81%D0%BA%D0%B8%D0%B9-%D1%81%D0%B0%D0%B4"
parus-peterburg.ru,"https://parus-peterburg.ru/feed/turbo/",1,rss,"https://parus-peterburg.ru/%D0%BC%D1%83%D0%B7%D0%B5%D0%B9-%D0%BF%D0%BE%D0%BF%D0%BE%D0%B2%D0%B0"
parus-peterburg.ru,"https://parus-peterburg.ru/feed/turbo/",0,rss,"https://parus-peterburg.ru/reviews/%D0%B0%D0%BB%D0%B5%D0%BD%D0%B0/"
parus-peterburg.ru,"https://parus-peterburg.ru/feed/turbo/",0,rss,"https://parus-peterburg.ru/reviews/%D0%B0%D0%BD%D0%BE%D0%BD%D0%B8%D0%BC%D0%BD%D0%BE/"
parus-peterburg.ru,"https://parus-peterburg.ru/feed/turbo/",1,rss,"https://parus-peterburg.ru/%D0%BB%D0%BE%D0%BF%D1%83%D1%85%D0%B8%D0%BD%D1%81%D0%BA%D0%B8%D0%B9-%D1%81%D0%B0%D0%B4"
parus-peterburg.ru,"https://parus-peterburg.ru/feed/turbo/",0,rss,"https://parus-peterburg.ru/reviews/%D0%BE%D0%BB%D1%8C%D0%B3%D0%B0-%D0%BC%D0%B0%D1%80%D0%B8%D0%BD%D0%B0/"
parus-peterburg.ru,"https://parus-peterburg.ru/feed/turbo/",0,rss,"https://parus-peterburg.ru/reviews/%D0%BC%D0%B0%D1%80%D0%B8%D1%8F-2/"
parus-peterburg.ru,"https://parus-peterburg.ru/feed/turbo/",0,rss,"https://parus-peterburg.ru/reviews/%D0%BD%D0%B0%D1%82%D0%B0%D0%BB%D1%8C%D1%8F/"
parus-peterburg.ru,"https://parus-peterburg.ru/feed/turbo/",0,rss,"https://parus-peterburg.ru/reviews/%D1%8E%D1%80%D0%B8%D0%B9/"
parus-peterburg.ru,"https://parus-peterburg.ru/feed/turbo/",1,rss,"https://parus-peterburg.ru/gatchina"
parus-peterburg.ru,"https://parus-peterburg.ru/feed/turbo/",0,rss,"https://parus-peterburg.ru/reviews/%D1%82%D0%B0%D1%82%D1%8C%D1%8F%D0%BD%D0%B0-4/"
parus-peterburg.ru,"https://parus-peterburg.ru/feed/turbo/",0,rss,"https://parus-peterburg.ru/reviews/%D0%B0%D0%BB%D0%B8%D1%81%D0%B0-2/"
parus-peterburg.ru,"https://parus-peterburg.ru/feed/turbo/",0,rss,"https://parus-peterburg.ru/reviews/%D0%BA%D0%B8%D1%80%D1%81%D0%B0%D0%BD%D0%BE%D0%B2%D0%B0-%D0%B5%D0%BA%D0%B0%D1%82%D0%B5%D1%80%D0%B8%D0%BD%D0%B0/"
parus-peterburg.ru,"https://parus-peterburg.ru/feed/turbo/",0,rss,"https://parus-peterburg.ru/reviews/%D0%BE%D0%BA%D1%81%D0%B0%D0%BD%D0%B0-%D0%B0%D0%BB%D0%B5%D0%BA%D1%81%D0%B5%D0%B9/"
parus-peterburg.ru,"https://parus-peterburg.ru/feed/turbo/",1,rss,"https://parus-peterburg.ru/%D0%B2%D0%BE%D0%B5%D0%BD%D0%BD%D0%BE-%D0%B8%D1%81%D1%82%D0%BE%D1%80%D0%B8%D1%87%D0%B5%D1%81%D0%BA%D0%B8%D0%B9-%D0%BC%D1%83%D0%B7%D0%B5%D0%B9"
parus-peterburg.ru,"https://parus-peterburg.ru/feed/turbo/",0,rss,"https://parus-peterburg.ru/reviews/%D0%BC%D0%BE%D1%81%D0%BA%D0%B0%D0%BB%D0%B5%D0%BD%D0%BA%D0%BE-%D0%B5-%D0%B3/"
parus-peterburg.ru,"https://parus-peterburg.ru/feed/turbo/",1,rss,"https://parus-peterburg.ru/%D0%BC%D1%83%D0%B7%D0%B5%D0%B9-%D0%BF%D0%B0%D0%B2%D0%BB%D0%BE%D0%B2%D0%B0"
parus-peterburg.ru,"https://parus-peterburg.ru/feed/turbo/",1,rss,"https://parus-peterburg.ru/%D0%BC%D1%83%D0%B7%D0%B5%D0%B9-%D0%BA%D0%B2%D0%B0%D1%80%D1%82%D0%B8%D1%80%D0%B0-%D0%B1%D0%BB%D0%BE%D0%BA%D0%B0"
parus-peterburg.ru,"https://parus-peterburg.ru/feed/turbo/",0,rss,"https://parus-peterburg.ru/reviews/%D1%81%D0%B2%D0%B5%D1%82%D0%B0-%D0%B4%D0%B2%D0%B0%D0%B6%D0%B4%D1%8B-%D1%82%D1%83%D1%80%D0%B8%D1%81%D1%82-%D0%B8%D0%B7-%D0%BC%D0%BE%D1%81%D0%BA%D0%B2%D1%8B/"
parus-peterburg.ru,"https://parus-peterburg.ru/feed/turbo/",1,rss,"https://parus-peterburg.ru/%D0%BC%D1%83%D0%B7%D0%B5%D0%B9-%D0%B7%D0%B0%D0%BF%D0%BE%D0%B2%D0%B5%D0%B4%D0%BD%D0%B8%D0%BA-%D0%BF%D0%B0%D0%B2%D0%BB%D0%BE%D0%B2%D1%81%D0%BA"
parus-peterburg.ru,"https://parus-peterburg.ru/feed/turbo/",0,rss,"https://parus-peterburg.ru/reviews/%D0%B4%D0%B8%D0%B0%D0%BD%D0%B0-%D0%B8-%D0%B0%D0%BB%D0%BB%D0%B0-%D0%B3-%D0%BC%D0%BE%D1%81%D0%BA%D0%B2%D0%B0/"
parus-peterburg.ru,"https://parus-peterburg.ru/feed/turbo/",1,rss,"https://parus-peterburg.ru/%D0%BF%D0%B5%D1%82%D0%B5%D1%80%D0%B1%D1%83%D1%80%D0%B3-%D0%B4%D0%BE%D1%81%D1%82%D0%BE%D0%B5%D0%B2%D1%81%D0%BA%D0%BE%D0%B3%D0%BE/"
parus-peterburg.ru,"https://parus-peterburg.ru/feed/turbo/",0,rss,"https://parus-peterburg.ru/reviews/%D0%B0%D0%BD%D0%BD%D0%B0/"
parus-peterburg.ru,"https://parus-peterburg.ru/feed/turbo/",0,rss,"https://parus-peterburg.ru/reviews/%D0%BE%D0%BA%D1%81%D0%B0%D0%BD%D0%B0/"
parus-peterburg.ru,"https://parus-peterburg.ru/feed/turbo/",0,rss,"https://parus-peterburg.ru/reviews/%D0%B0%D0%BD%D0%BD%D0%B0-3/"
parus-peterburg.ru,"https://parus-peterburg.ru/feed/turbo/",0,rss,"https://parus-peterburg.ru/reviews/%D1%82%D0%B0%D1%82%D1%8C%D1%8F%D0%BD%D0%B0-3/"
parus-peterburg.ru,"https://parus-peterburg.ru/feed/turbo/",1,rss,"https://parus-peterburg.ru/luchshie-ekskursii-po-sankt-peterburgu-i-oblasti/"
parus-peterburg.ru,"https://parus-peterburg.ru/feed/turbo/",1,rss,"https://parus-peterburg.ru/altaj-osennij-blyuz/"
parus-peterburg.ru,"https://parus-peterburg.ru/feed/turbo/",0,rss,"https://parus-peterburg.ru/reviews/%D0%BE%D0%BB%D1%8C%D0%B3%D0%B0-3/"
parus-peterburg.ru,"https://parus-peterburg.ru/feed/turbo/",1,rss,"https://parus-peterburg.ru/otrestavrirovannyi-bolshoi-zal-agatovyh-komnat-vnov-jdet-gostei"
parus-peterburg.ru,"https://parus-peterburg.ru/feed/turbo/",0,rss,"https://parus-peterburg.ru/reviews/%D0%BE%D0%B9%D0%B4%D0%BE%D0%BF-%D1%81-%D1%83%D0%BB%D0%B0%D0%BD-%D1%83%D0%B4%D1%8D/"
parus-peterburg.ru,"https://parus-peterburg.ru/feed/turbo/",0,rss,"https://parus-peterburg.ru/reviews/%D0%BA%D0%BE%D1%88%D0%B5%D0%BB%D0%B5%D0%B2%D0%B0-%D0%BD%D0%B0%D0%B4%D0%B5%D0%B6%D0%B4%D0%B0/"
parus-peterburg.ru,"https://parus-peterburg.ru/feed/turbo/",1,rss,"https://parus-peterburg.ru/%D0%BC%D0%B5%D0%BC%D0%BE%D1%80%D0%B8%D0%B0%D0%BB%D1%8C%D0%BD%D1%8B%D0%B9-%D0%BC%D1%83%D0%B7%D0%B5%D0%B9-%D1%81%D1%83%D0%B2%D0%BE%D1%80%D0%BE%D0%B2%D0%B0"
parus-peterburg.ru,"https://parus-peterburg.ru/feed/turbo/",1,rss,"https://parus-peterburg.ru/zolotaya-osen-na-altae/"
parus-peterburg.ru,"https://parus-peterburg.ru/feed/turbo/",0,rss,"https://parus-peterburg.ru/reviews/%D0%BE%D0%BB%D1%8C%D0%B3%D0%B0-%D0%BF%D1%83%D1%81%D1%82%D0%BE%D0%B2%D0%B0%D1%8F-2/"
parus-peterburg.ru,"https://parus-peterburg.ru/feed/turbo/",0,rss,"https://parus-peterburg.ru/reviews/vitalina/"
parus-peterburg.ru,"https://parus-peterburg.ru/feed/turbo/",0,rss,"https://parus-peterburg.ru/reviews/%D0%B8%D1%80%D0%B8%D0%BD%D0%B0-3/"
parus-peterburg.ru,"https://parus-peterburg.ru/feed/turbo/",0,rss,"https://parus-peterburg.ru/reviews/%D1%82%D0%B0%D0%BC%D0%B0%D1%80%D0%B0-2/"
parus-peterburg.ru,"https://parus-peterburg.ru/feed/turbo/",1,rss,"https://parus-peterburg.ru/%D0%BF%D0%B8%D1%82%D0%B5%D1%80%D1%81%D0%BA%D0%B8%D0%B9-%D0%BC%D1%83%D0%B7%D0%B5%D0%B9-%D0%B1%D1%80%D0%BE%D0%B4%D1%81%D0%BA%D0%BE%D0%B3%D0%BE"
parus-peterburg.ru,"https://parus-peterburg.ru/feed/turbo/",1,rss,"https://parus-peterburg.ru/%D0%BF%D0%BE%D0%B4%D0%B2%D0%BE%D0%B4%D0%BD%D0%B0%D1%8F-%D0%BB%D0%BE%D0%B4%D0%BA%D0%B0"
parus-peterburg.ru,"https://parus-peterburg.ru/feed/turbo/",0,rss,"https://parus-peterburg.ru/reviews/%D0%B2%D0%BB%D0%B0%D0%B4%D0%B8%D0%BC%D0%B8%D1%80-%D1%81%D0%BE%D0%BB%D0%BE%D0%B2%D0%BE%D0%B2/"
parus-peterburg.ru,"https://parus-peterburg.ru/feed/turbo/",0,rss,"https://parus-peterburg.ru/reviews/%D0%B0%D0%BD%D1%82%D0%BE%D0%BD%D0%B8%D0%BD%D0%B0/"
parus-peterburg.ru,"https://parus-peterburg.ru/feed/turbo/",1,rss,"https://parus-peterburg.ru/%D0%BA%D1%80%D0%B5%D0%B9%D1%81%D0%B5%D1%80-%D0%B0%D0%B2%D1%80%D0%BE%D1%80%D0%B0-4"
parus-peterburg.ru,"https://parus-peterburg.ru/feed/turbo/",0,rss,"https://parus-peterburg.ru/reviews/%D0%B6%D0%BC%D1%8B%D1%88%D0%B5%D0%BD%D0%BA%D0%BE-%D0%B2%D0%B0%D0%BB%D0%B5%D1%80%D0%B8%D0%B9-%D0%B0%D0%BB%D1%8C%D0%B1%D0%B5%D1%80%D1%82%D0%BE%D0%B2%D0%B8%D1%87/"
parus-peterburg.ru,"https://parus-peterburg.ru/feed/turbo/",1,rss,"https://parus-peterburg.ru/dvorcy-peterburga/"
parus-peterburg.ru,"https://parus-peterburg.ru/feed/turbo/",0,rss,"https://parus-peterburg.ru/reviews/%D0%B5%D0%BA%D0%B0%D1%82%D0%B5%D1%80%D0%B8%D0%BD%D0%B0-3/"
parus-peterburg.ru,"https://parus-peterburg.ru/feed/turbo/",0,rss,"https://parus-peterburg.ru/reviews/%D0%BE%D0%BB%D1%8C%D0%B3%D0%B0-%D0%B8-%D0%B0%D0%BD%D0%B4%D1%80%D0%B5%D0%B9-2/"
parus-peterburg.ru,"https://parus-peterburg.ru/feed/turbo/",0,rss,"https://parus-peterburg.ru/reviews/%D0%B8%D0%B3%D0%BE%D1%80%D1%8C/"
parus-peterburg.ru,"https://parus-peterburg.ru/feed/turbo/",0,rss,"https://parus-peterburg.ru/reviews/%D1%81%D0%B8%D0%BC%D0%BE%D0%BD%D0%BE%D0%B2%D0%B0-%D1%81%D0%B2%D0%B5%D1%82%D0%BB%D0%B0%D0%BD%D0%B0-%D1%81%D0%B5%D1%80%D0%B3%D0%B5%D0%B5%D0%B2%D0%BD%D0%B0/"
parus-peterburg.ru,"https://parus-peterburg.ru/feed/turbo/",1,rss,"https://parus-peterburg.ru/%D0%B2%D1%8B%D1%81%D1%82%D0%B0%D0%B2%D0%BA%D0%B0-%D0%BE%D0%BB%D0%BE%D0%B2%D1%8F%D0%BD%D0%BD%D1%8B%D0%B5-%D1%81%D0%BE%D0%BB%D0%B4%D0%B0%D1%82%D0%B8%D0%BA%D0%B8-%D0%B2-%D1%8D%D1%80%D0%BC%D0%B8%D1%82/"
parus-peterburg.ru,"https://parus-peterburg.ru/feed/turbo/",1,rss,"https://parus-peterburg.ru/bolshaya-obzornaya-i-kreyser-avrora"
parus-peterburg.ru,"https://parus-peterburg.ru/feed/turbo/",0,rss,"https://parus-peterburg.ru/reviews/%D0%B5%D0%B2%D0%B3%D0%B5%D0%BD%D0%B8%D1%8F/"
parus-peterburg.ru,"https://parus-peterburg.ru/feed/turbo/",0,rss,"https://parus-peterburg.ru/reviews/%D0%BC%D0%B0%D1%80%D0%B8%D1%8F/"
parus-peterburg.ru,"https://parus-peterburg.ru/feed/turbo/",1,rss,"https://parus-peterburg.ru/%D1%81%D0%BC%D0%BE%D0%BB%D1%8C%D0%BD%D1%8B%D0%B9-%D1%81%D0%BE%D0%B1%D0%BE%D1%80"
parus-peterburg.ru,"https://parus-peterburg.ru/feed/turbo/",0,rss,"https://parus-peterburg.ru/reviews/%D0%B2%D0%B0%D0%BB%D0%B5%D0%BD%D1%82%D0%B8%D0%BD/"
parus-peterburg.ru,"https://parus-peterburg.ru/feed/turbo/",1,rss,"https://parus-peterburg.ru/peterburg-ekateriny-ii"
